date,state_name,state_fips_code,daily_confirmed_cases,daily_deaths,confirmed_cases,deaths
2020-03-13,Alabama,01,6,0,6,0
2020-03-14,Alabama,01,12,0,18,0
2020-03-15,Alabama,01,23,0,41,0
2020-03-16,Alabama,01,29,0,70,0
2020-03-17,Alabama,01,39,0,109,0
2020-03-18,Alabama,01,51,0,160,0
2020-03-19,Alabama,01,78,0,238,0
2020-03-20,Alabama,01,106,0,344,0
2020-03-21,Alabama,01,131,0,475,0
2020-03-22,Alabama,01,157,0,632,0
2020-03-23,Alabama,01,196,0,828,0
2020-03-24,Alabama,01,242,0,1070,0
2020-03-25,Alabama,01,386,1,1456,1
2020-03-26,Alabama,01,538,3,1994,4
2020-03-27,Alabama,01,639,4,2633,8
2020-03-28,Alabama,01,720,4,3353,12
2020-03-29,Alabama,01,830,5,4183,17
2020-03-30,Alabama,01,947,11,5130,28
2020-03-31,Alabama,01,999,13,6129,41
2020-04-01,Alabama,01,1106,28,7235,69
2020-04-02,Alabama,01,1270,32,8505,101
2020-04-03,Alabama,01,1535,38,10040,139
2020-04-04,Alabama,01,1633,44,11673,183
2020-04-05,Alabama,01,1841,45,13514,228
2020-04-06,Alabama,01,2006,53,15520,281
2020-04-07,Alabama,01,2197,64,17717,345
2020-04-08,Alabama,01,2499,67,20216,412
2020-04-09,Alabama,01,2838,78,23054,490
2020-04-10,Alabama,01,3008,80,26062,570
2020-04-11,Alabama,01,3262,93,29324,663
2020-04-12,Alabama,01,3583,93,32907,756
2020-04-13,Alabama,01,3805,104,36712,860
2020-03-12,Alaska,02,1,0,1,0
2020-03-13,Alaska,02,1,0,2,0
2020-03-14,Alaska,02,1,0,3,0
2020-03-15,Alaska,02,1,0,4,0
2020-03-16,Alaska,02,3,0,7,0
2020-03-17,Alaska,02,6,0,13,0
2020-03-18,Alaska,02,9,0,22,0
2020-03-19,Alaska,02,12,0,34,0
2020-03-20,Alaska,02,14,0,48,0
2020-03-21,Alaska,02,21,0,69,0
2020-03-22,Alaska,02,22,0,91,0
2020-03-23,Alaska,02,36,0,127,0
2020-03-24,Alaska,02,42,0,169,0
2020-03-25,Alaska,02,59,0,228,0
2020-03-26,Alaska,02,69,0,297,0
2020-03-27,Alaska,02,85,1,382,1
2020-03-28,Alaska,02,102,1,484,2
2020-03-29,Alaska,02,114,1,598,3
2020-03-30,Alaska,02,119,2,717,5
2020-03-31,Alaska,02,133,2,850,7
2020-04-01,Alaska,02,143,2,993,9
2020-04-02,Alaska,02,146,2,1139,11
2020-04-03,Alaska,02,156,2,1295,13
2020-04-04,Alaska,02,169,3,1464,16
2020-04-05,Alaska,02,185,4,1649,20
2020-04-06,Alaska,02,189,4,1838,24
2020-04-07,Alaska,02,211,4,2049,28
2020-04-08,Alaska,02,224,5,2273,33
2020-04-09,Alaska,02,233,5,2506,38
2020-04-10,Alaska,02,244,5,2750,43
2020-04-11,Alaska,02,255,6,3005,49
2020-04-12,Alaska,02,270,6,3275,55
2020-04-13,Alaska,02,275,6,3550,61
2020-04-09,American Samoa,60,0,0,0,0
2020-04-10,American Samoa,60,0,0,0,0
2020-04-11,American Samoa,60,0,0,0,0
2020-04-12,American Samoa,60,0,0,0,0
2020-04-13,American Samoa,60,0,0,0,0
2020-01-26,Arizona,04,1,0,1,0
2020-01-27,Arizona,04,1,0,2,0
2020-01-28,Arizona,04,1,0,3,0
2020-01-29,Arizona,04,1,0,4,0
2020-01-30,Arizona,04,1,0,5,0
2020-01-31,Arizona,04,1,0,6,0
2020-02-01,Arizona,04,1,0,7,0
2020-02-02,Arizona,04,1,0,8,0
2020-02-03,Arizona,04,1,0,9,0
2020-02-04,Arizona,04,1,0,10,0
2020-02-05,Arizona,04,1,0,11,0
2020-02-06,Arizona,04,1,0,12,0
2020-02-07,Arizona,04,1,0,13,0
2020-02-08,Arizona,04,1,0,14,0
2020-02-09,Arizona,04,1,0,15,0
2020-02-10,Arizona,04,1,0,16,0
2020-02-11,Arizona,04,1,0,17,0
2020-02-12,Arizona,04,1,0,18,0
2020-02-13,Arizona,04,1,0,19,0
2020-02-14,Arizona,04,1,0,20,0
2020-02-15,Arizona,04,1,0,21,0
2020-02-16,Arizona,04,1,0,22,0
2020-02-17,Arizona,04,1,0,23,0
2020-02-18,Arizona,04,1,0,24,0
2020-02-19,Arizona,04,1,0,25,0
2020-02-20,Arizona,04,1,0,26,0
2020-02-21,Arizona,04,1,0,27,0
2020-02-22,Arizona,04,1,0,28,0
2020-02-23,Arizona,04,1,0,29,0
2020-02-24,Arizona,04,1,0,30,0
2020-02-25,Arizona,04,1,0,31,0
2020-02-26,Arizona,04,1,0,32,0
2020-02-27,Arizona,04,1,0,33,0
2020-02-28,Arizona,04,1,0,34,0
2020-02-29,Arizona,04,1,0,35,0
2020-03-01,Arizona,04,1,0,36,0
2020-03-02,Arizona,04,1,0,37,0
2020-03-03,Arizona,04,2,0,39,0
2020-03-04,Arizona,04,2,0,41,0
2020-03-05,Arizona,04,2,0,43,0
2020-03-06,Arizona,04,3,0,46,0
2020-03-07,Arizona,04,5,0,51,0
2020-03-08,Arizona,04,5,0,56,0
2020-03-09,Arizona,04,6,0,62,0
2020-03-10,Arizona,04,6,0,68,0
2020-03-11,Arizona,04,9,0,77,0
2020-03-12,Arizona,04,9,0,86,0
2020-03-13,Arizona,04,9,0,95,0
2020-03-14,Arizona,04,12,0,107,0
2020-03-15,Arizona,04,13,0,120,0
2020-03-16,Arizona,04,18,0,138,0
2020-03-17,Arizona,04,20,0,158,0
2020-03-18,Arizona,04,28,0,186,0
2020-03-19,Arizona,04,47,0,233,0
2020-03-20,Arizona,04,70,1,303,1
2020-03-21,Arizona,04,104,1,407,2
2020-03-22,Arizona,04,153,2,560,4
2020-03-23,Arizona,04,234,2,794,6
2020-03-24,Arizona,04,326,6,1120,12
2020-03-25,Arizona,04,402,6,1522,18
2020-03-26,Arizona,04,508,8,2030,26
2020-03-27,Arizona,04,665,15,2695,41
2020-03-28,Arizona,04,773,15,3468,56
2020-03-29,Arizona,04,929,18,4397,74
2020-03-30,Arizona,04,1169,20,5566,94
2020-03-31,Arizona,04,1298,24,6864,118
2020-04-01,Arizona,04,1413,29,8277,147
2020-04-02,Arizona,04,1600,35,9877,182
2020-04-03,Arizona,04,1769,41,11646,223
2020-04-04,Arizona,04,2019,53,13665,276
2020-04-05,Arizona,04,2269,64,15934,340
2020-04-06,Arizona,04,2465,67,18399,407
2020-04-07,Arizona,04,2575,77,20974,484
2020-04-08,Arizona,04,2726,80,23700,564
2020-04-09,Arizona,04,3018,89,26718,653
2020-04-10,Arizona,04,3112,97,29830,750
2020-04-11,Arizona,04,3393,112,33223,862
2020-04-12,Arizona,04,3539,117,36762,979
2020-04-13,Arizona,04,3702,122,40464,1101
2020-03-11,Arkansas,05,1,0,1,0
2020-03-12,Arkansas,05,6,0,7,0
2020-03-13,Arkansas,05,7,0,14,0
2020-03-14,Arkansas,05,9,0,23,0
2020-03-15,Arkansas,05,16,0,39,0
2020-03-16,Arkansas,05,22,0,61,0
2020-03-17,Arkansas,05,22,0,83,0
2020-03-18,Arkansas,05,33,0,116,0
2020-03-19,Arkansas,05,62,0,178,0
2020-03-20,Arkansas,05,100,0,278,0
2020-03-21,Arkansas,05,118,0,396,0
2020-03-22,Arkansas,05,165,0,561,0
2020-03-23,Arkansas,05,201,0,762,0
2020-03-24,Arkansas,05,232,2,994,2
2020-03-25,Arkansas,05,308,2,1302,4
2020-03-26,Arkansas,05,351,3,1653,7
2020-03-27,Arkansas,05,386,3,2039,10
2020-03-28,Arkansas,05,409,5,2448,15
2020-03-29,Arkansas,05,449,6,2897,21
2020-03-30,Arkansas,05,508,7,3405,28
2020-03-31,Arkansas,05,564,8,3969,36
2020-04-01,Arkansas,05,624,10,4593,46
2020-04-02,Arkansas,05,683,12,5276,58
2020-04-03,Arkansas,05,738,12,6014,70
2020-04-04,Arkansas,05,743,14,6757,84
2020-04-05,Arkansas,05,853,16,7610,100
2020-04-06,Arkansas,05,927,16,8537,116
2020-04-07,Arkansas,05,997,18,9534,134
2020-04-08,Arkansas,05,1077,18,10611,152
2020-04-09,Arkansas,05,1146,21,11757,173
2020-04-10,Arkansas,05,1202,24,12959,197
2020-04-11,Arkansas,05,1228,25,14187,222
2020-04-12,Arkansas,05,1280,27,15467,249
2020-04-13,Arkansas,05,1475,30,16942,279
2020-01-25,California,06,1,0,1,0
2020-01-26,California,06,2,0,3,0
2020-01-27,California,06,2,0,5,0
2020-01-28,California,06,2,0,7,0
2020-01-29,California,06,2,0,9,0
2020-01-30,California,06,2,0,11,0
2020-01-31,California,06,3,0,14,0
2020-02-01,California,06,3,0,17,0
2020-02-02,California,06,6,0,23,0
2020-02-03,California,06,6,0,29,0
2020-02-04,California,06,6,0,35,0
2020-02-05,California,06,6,0,41,0
2020-02-06,California,06,6,0,47,0
2020-02-07,California,06,6,0,53,0
2020-02-08,California,06,6,0,59,0
2020-02-09,California,06,6,0,65,0
2020-02-10,California,06,7,0,72,0
2020-02-11,California,06,7,0,79,0
2020-02-12,California,06,7,0,86,0
2020-02-13,California,06,7,0,93,0
2020-02-14,California,06,7,0,100,0
2020-02-15,California,06,7,0,107,0
2020-02-16,California,06,7,0,114,0
2020-02-17,California,06,7,0,121,0
2020-02-18,California,06,7,0,128,0
2020-02-19,California,06,7,0,135,0
2020-02-20,California,06,8,0,143,0
2020-02-21,California,06,9,0,152,0
2020-02-22,California,06,9,0,161,0
2020-02-23,California,06,9,0,170,0
2020-02-24,California,06,11,0,181,0
2020-02-25,California,06,11,0,192,0
2020-02-26,California,06,26,0,218,0
2020-02-27,California,06,26,0,244,0
2020-02-28,California,06,27,0,271,0
2020-02-29,California,06,28,0,299,0
2020-03-01,California,06,33,0,332,0
2020-03-02,California,06,38,0,370,0
2020-03-03,California,06,45,0,415,0
2020-03-04,California,06,55,1,470,1
2020-03-05,California,06,67,1,537,2
2020-03-06,California,06,81,1,618,3
2020-03-07,California,06,100,1,718,4
2020-03-08,California,06,112,1,830,5
2020-03-09,California,06,172,2,1002,7
2020-03-10,California,06,179,3,1181,10
2020-03-11,California,06,202,4,1383,14
2020-03-12,California,06,252,4,1635,18
2020-03-13,California,06,320,5,1955,23
2020-03-14,California,06,381,5,2336,28
2020-03-15,California,06,478,6,2814,34
2020-03-16,California,06,588,11,3402,45
2020-03-17,California,06,732,14,4134,59
2020-03-18,California,06,893,17,5027,76
2020-03-19,California,06,1067,19,6094,95
2020-03-20,California,06,1283,24,7377,119
2020-03-21,California,06,1544,28,8921,147
2020-03-22,California,06,1851,35,10772,182
2020-03-23,California,06,2240,39,13012,221
2020-03-24,California,06,2644,52,15656,273
2020-03-25,California,06,3183,67,18839,340
2020-03-26,California,06,4060,82,22899,422
2020-03-27,California,06,4914,102,27813,524
2020-03-28,California,06,5565,121,33378,645
2020-03-29,California,06,6266,130,39644,775
2020-03-30,California,06,7421,146,47065,921
2020-03-31,California,06,8582,183,55647,1104
2020-04-01,California,06,9816,212,65463,1316
2020-04-02,California,06,11190,247,76653,1563
2020-04-03,California,06,12569,282,89222,1845
2020-04-04,California,06,13796,323,103018,2168
2020-04-05,California,06,15076,349,118094,2517
2020-04-06,California,06,16284,386,134378,2903
2020-04-07,California,06,17540,447,151918,3350
2020-04-08,California,06,19043,506,170961,3856
2020-04-09,California,06,20191,548,191152,4404
2020-04-10,California,06,21366,594,212518,4998
2020-04-11,California,06,22421,632,234939,5630
2020-04-12,California,06,23323,676,258262,6306
2020-04-13,California,06,24334,725,282596,7031
2020-03-05,Colorado,08,2,0,2,0
2020-03-06,Colorado,08,8,0,10,0
2020-03-07,Colorado,08,8,0,18,0
2020-03-08,Colorado,08,8,0,26,0
2020-03-09,Colorado,08,12,0,38,0
2020-03-10,Colorado,08,17,0,55,0
2020-03-11,Colorado,08,34,0,89,0
2020-03-12,Colorado,08,49,1,138,1
2020-03-13,Colorado,08,78,2,216,3
2020-03-14,Colorado,08,103,2,319,5
2020-03-15,Colorado,08,136,2,455,7
2020-03-16,Colorado,08,161,2,616,9
2020-03-17,Colorado,08,183,3,799,12
2020-03-18,Colorado,08,216,3,1015,15
2020-03-19,Colorado,08,278,5,1293,20
2020-03-20,Colorado,08,364,5,1657,25
2020-03-21,Colorado,08,475,6,2132,31
2020-03-22,Colorado,08,591,7,2723,38
2020-03-23,Colorado,08,721,10,3444,48
2020-03-24,Colorado,08,912,11,4356,59
2020-03-25,Colorado,08,1086,19,5442,78
2020-03-26,Colorado,08,1432,24,6874,102
2020-03-27,Colorado,08,1735,31,8609,133
2020-03-28,Colorado,08,2061,44,10670,177
2020-03-29,Colorado,08,2315,47,12985,224
2020-03-30,Colorado,08,2628,51,15613,275
2020-03-31,Colorado,08,2990,69,18603,344
2020-04-01,Colorado,08,3346,80,21949,424
2020-04-02,Colorado,08,3728,96,25677,520
2020-04-03,Colorado,08,4182,110,29859,630
2020-04-04,Colorado,08,4574,126,34433,756
2020-04-05,Colorado,08,4950,140,39383,896
2020-04-06,Colorado,08,5172,150,44555,1046
2020-04-07,Colorado,08,5429,179,49984,1225
2020-04-08,Colorado,08,5655,192,55639,1417
2020-04-09,Colorado,08,6202,227,61841,1644
2020-04-10,Colorado,08,6510,253,68351,1897
2020-04-11,Colorado,08,6893,274,75244,2171
2020-04-12,Colorado,08,7303,290,82547,2461
2020-04-13,Colorado,08,7691,308,90238,2769
2020-03-08,Connecticut,09,1,0,1,0
2020-03-09,Connecticut,09,2,0,3,0
2020-03-10,Connecticut,09,2,0,5,0
2020-03-11,Connecticut,09,3,0,8,0
2020-03-12,Connecticut,09,6,0,14,0
2020-03-13,Connecticut,09,11,0,25,0
2020-03-14,Connecticut,09,20,0,45,0
2020-03-15,Connecticut,09,26,0,71,0
2020-03-16,Connecticut,09,41,0,112,0
2020-03-17,Connecticut,09,68,0,180,0
2020-03-18,Connecticut,09,96,1,276,1
2020-03-19,Connecticut,09,159,4,435,5
2020-03-20,Connecticut,09,194,4,629,9
2020-03-21,Connecticut,09,223,5,852,14
2020-03-22,Connecticut,09,327,8,1179,22
2020-03-23,Connecticut,09,415,10,1594,32
2020-03-24,Connecticut,09,618,12,2212,44
2020-03-25,Connecticut,09,875,19,3087,63
2020-03-26,Connecticut,09,1012,21,4099,84
2020-03-27,Connecticut,09,1291,27,5390,111
2020-03-28,Connecticut,09,1524,33,6914,144
2020-03-29,Connecticut,09,1993,34,8907,178
2020-03-30,Connecticut,09,2571,36,11478,214
2020-03-31,Connecticut,09,3128,69,14606,283
2020-04-01,Connecticut,09,3557,85,18163,368
2020-04-02,Connecticut,09,3824,112,21987,480
2020-04-03,Connecticut,09,4915,132,26902,612
2020-04-04,Connecticut,09,5276,165,32178,777
2020-04-05,Connecticut,09,5675,189,37853,966
2020-04-06,Connecticut,09,6906,206,44759,1172
2020-04-07,Connecticut,09,7781,277,52540,1449
2020-04-08,Connecticut,09,8781,335,61321,1784
2020-04-09,Connecticut,09,9784,380,71105,2164
2020-04-10,Connecticut,09,10538,448,81643,2612
2020-04-11,Connecticut,09,11510,494,93153,3106
2020-04-12,Connecticut,09,12035,554,105188,3660
2020-04-13,Connecticut,09,13381,602,118569,4262
2020-03-11,Delaware,10,1,0,1,0
2020-03-12,Delaware,10,4,0,5,0
2020-03-13,Delaware,10,4,0,9,0
2020-03-14,Delaware,10,4,0,13,0
2020-03-15,Delaware,10,7,0,20,0
2020-03-16,Delaware,10,8,0,28,0
2020-03-17,Delaware,10,16,0,44,0
2020-03-18,Delaware,10,26,0,70,0
2020-03-19,Delaware,10,30,0,100,0
2020-03-20,Delaware,10,39,0,139,0
2020-03-21,Delaware,10,45,0,184,0
2020-03-22,Delaware,10,56,0,240,0
2020-03-23,Delaware,10,87,0,327,0
2020-03-24,Delaware,10,104,0,431,0
2020-03-25,Delaware,10,119,0,550,0
2020-03-26,Delaware,10,143,1,693,1
2020-03-27,Delaware,10,165,2,858,3
2020-03-28,Delaware,10,214,5,1072,8
2020-03-29,Delaware,10,232,6,1304,14
2020-03-30,Delaware,10,264,7,1568,21
2020-03-31,Delaware,10,319,10,1887,31
2020-04-01,Delaware,10,368,11,2255,42
2020-04-02,Delaware,10,393,12,2648,54
2020-04-03,Delaware,10,450,14,3098,68
2020-04-04,Delaware,10,593,14,3691,82
2020-04-05,Delaware,10,673,14,4364,96
2020-04-06,Delaware,10,783,15,5147,111
2020-04-07,Delaware,10,928,16,6075,127
2020-04-08,Delaware,10,1116,19,7191,146
2020-04-09,Delaware,10,1209,23,8400,169
2020-04-10,Delaware,10,1326,32,9726,201
2020-04-11,Delaware,10,1479,33,11205,234
2020-04-12,Delaware,10,1625,35,12830,269
2020-04-13,Delaware,10,1761,41,14591,310
2020-03-07,District of Columbia,11,1,0,1,0
2020-03-08,District of Columbia,11,1,0,2,0
2020-03-09,District of Columbia,11,4,0,6,0
2020-03-10,District of Columbia,11,4,0,10,0
2020-03-11,District of Columbia,11,10,0,20,0
2020-03-12,District of Columbia,11,10,0,30,0
2020-03-13,District of Columbia,11,10,0,40,0
2020-03-14,District of Columbia,11,16,0,56,0
2020-03-15,District of Columbia,11,17,0,73,0
2020-03-16,District of Columbia,11,22,0,95,0
2020-03-17,District of Columbia,11,31,0,126,0
2020-03-18,District of Columbia,11,36,0,162,0
2020-03-19,District of Columbia,11,68,0,230,0
2020-03-20,District of Columbia,11,77,1,307,1
2020-03-21,District of Columbia,11,98,1,405,2
2020-03-22,District of Columbia,11,116,2,521,4
2020-03-23,District of Columbia,11,138,2,659,6
2020-03-24,District of Columbia,11,183,2,842,8
2020-03-25,District of Columbia,11,231,3,1073,11
2020-03-26,District of Columbia,11,267,3,1340,14
2020-03-27,District of Columbia,11,304,4,1644,18
2020-03-28,District of Columbia,11,342,4,1986,22
2020-03-29,District of Columbia,11,342,4,2328,26
2020-03-30,District of Columbia,11,495,9,2823,35
2020-03-31,District of Columbia,11,495,9,3318,44
2020-04-01,District of Columbia,11,586,11,3904,55
2020-04-02,District of Columbia,11,653,12,4557,67
2020-04-03,District of Columbia,11,757,15,5314,82
2020-04-04,District of Columbia,11,902,21,6216,103
2020-04-05,District of Columbia,11,998,22,7214,125
2020-04-06,District of Columbia,11,1097,24,8311,149
2020-04-07,District of Columbia,11,1211,22,9522,171
2020-04-08,District of Columbia,11,1440,27,10962,198
2020-04-09,District of Columbia,11,1523,32,12485,230
2020-04-10,District of Columbia,11,1660,38,14145,268
2020-04-11,District of Columbia,11,1778,47,15923,315
2020-04-12,District of Columbia,11,1875,50,17798,365
2020-04-13,District of Columbia,11,1955,52,19753,417
2020-03-01,Florida,12,2,0,2,0
2020-03-02,Florida,12,2,0,4,0
2020-03-03,Florida,12,3,0,7,0
2020-03-04,Florida,12,3,0,10,0
2020-03-05,Florida,12,4,0,14,0
2020-03-06,Florida,12,7,2,21,2
2020-03-07,Florida,12,12,2,33,4
2020-03-08,Florida,12,13,2,46,6
2020-03-09,Florida,12,14,2,60,8
2020-03-10,Florida,12,23,2,83,10
2020-03-11,Florida,12,26,2,109,12
2020-03-12,Florida,12,46,2,155,14
2020-03-13,Florida,12,70,2,225,16
2020-03-14,Florida,12,70,3,295,19
2020-03-15,Florida,12,109,3,404,22
2020-03-16,Florida,12,141,4,545,26
2020-03-17,Florida,12,210,6,755,32
2020-03-18,Florida,12,326,7,1081,39
2020-03-19,Florida,12,434,8,1515,47
2020-03-20,Florida,12,564,9,2079,56
2020-03-21,Florida,12,764,11,2843,67
2020-03-22,Florida,12,1000,13,3843,80
2020-03-23,Florida,12,1222,18,5065,98
2020-03-24,Florida,12,1467,19,6532,117
2020-03-25,Florida,12,1965,23,8497,140
2020-03-26,Florida,12,2477,29,10974,169
2020-03-27,Florida,12,3198,46,14172,215
2020-03-28,Florida,12,4038,56,18210,271
2020-03-29,Florida,12,4942,59,23152,330
2020-03-30,Florida,12,5694,71,28846,401
2020-03-31,Florida,12,6741,85,35587,486
2020-04-01,Florida,12,7765,100,43352,586
2020-04-02,Florida,12,9000,144,52352,730
2020-04-03,Florida,12,10260,169,62612,899
2020-04-04,Florida,12,11537,194,74149,1093
2020-04-05,Florida,12,12342,220,86491,1313
2020-04-06,Florida,12,13621,253,100112,1566
2020-04-07,Florida,12,14739,295,114851,1861
2020-04-08,Florida,12,15690,322,130541,2183
2020-04-09,Florida,12,16819,370,147360,2553
2020-04-10,Florida,12,17960,418,165320,2971
2020-04-11,Florida,12,18978,445,184298,3416
2020-04-12,Florida,12,19855,460,204153,3876
2020-04-13,Florida,12,21011,498,225164,4374
2020-03-02,Georgia,13,2,0,2,0
2020-03-03,Georgia,13,2,0,4,0
2020-03-04,Georgia,13,2,0,6,0
2020-03-05,Georgia,13,2,0,8,0
2020-03-06,Georgia,13,3,0,11,0
2020-03-07,Georgia,13,7,0,18,0
2020-03-08,Georgia,13,11,0,29,0
2020-03-09,Georgia,13,17,0,46,0
2020-03-10,Georgia,13,22,0,68,0
2020-03-11,Georgia,13,31,0,99,0
2020-03-12,Georgia,13,31,1,130,1
2020-03-13,Georgia,13,41,1,171,2
2020-03-14,Georgia,13,65,1,236,3
2020-03-15,Georgia,13,97,1,333,4
2020-03-16,Georgia,13,118,1,451,5
2020-03-17,Georgia,13,142,1,593,6
2020-03-18,Georgia,13,193,3,786,9
2020-03-19,Georgia,13,282,10,1068,19
2020-03-20,Georgia,13,482,14,1550,33
2020-03-21,Georgia,13,552,20,2102,53
2020-03-22,Georgia,13,620,25,2722,78
2020-03-23,Georgia,13,800,25,3522,103
2020-03-24,Georgia,13,1097,38,4619,141
2020-03-25,Georgia,13,1387,47,6006,188
2020-03-26,Georgia,13,1643,56,7649,244
2020-03-27,Georgia,13,2198,64,9847,308
2020-03-28,Georgia,13,2447,79,12294,387
2020-03-29,Georgia,13,2683,83,14977,470
2020-03-30,Georgia,13,3032,102,18009,572
2020-03-31,Georgia,13,4117,125,22126,697
2020-04-01,Georgia,13,4748,154,26874,851
2020-04-02,Georgia,13,5444,176,32318,1027
2020-04-03,Georgia,13,5967,198,38285,1225
2020-04-04,Georgia,13,6383,208,44668,1433
2020-04-05,Georgia,13,6742,219,51410,1652
2020-04-06,Georgia,13,7558,294,58968,1946
2020-04-07,Georgia,13,9156,348,68124,2294
2020-04-08,Georgia,13,10204,370,78328,2664
2020-04-09,Georgia,13,10885,412,89213,3076
2020-04-10,Georgia,13,11859,425,101072,3501
2020-04-11,Georgia,13,12261,432,113333,3933
2020-04-12,Georgia,13,12103,438,125436,4371
2020-04-13,Georgia,13,13125,479,138561,4850
2020-03-15,Guam,66,3,0,3,0
2020-03-16,Guam,66,3,0,6,0
2020-03-17,Guam,66,3,0,9,0
2020-03-18,Guam,66,8,0,17,0
2020-03-19,Guam,66,12,0,29,0
2020-03-20,Guam,66,14,0,43,0
2020-03-21,Guam,66,15,0,58,0
2020-03-22,Guam,66,27,1,85,1
2020-03-23,Guam,66,29,1,114,2
2020-03-24,Guam,66,32,1,146,3
2020-03-25,Guam,66,32,1,178,4
2020-03-26,Guam,66,49,1,227,5
2020-03-27,Guam,66,53,1,280,6
2020-03-28,Guam,66,57,1,337,7
2020-03-29,Guam,66,58,1,395,8
2020-03-30,Guam,66,60,1,455,9
2020-03-31,Guam,66,139,2,594,11
2020-04-01,Guam,66,147,3,741,14
2020-04-02,Guam,66,152,3,893,17
2020-04-03,Guam,66,154,4,1047,21
2020-04-04,Guam,66,223,4,1270,25
2020-04-05,Guam,66,265,4,1535,29
2020-04-06,Guam,66,266,4,1801,33
2020-04-07,Guam,66,274,4,2075,37
2020-04-08,Guam,66,409,4,2484,41
2020-04-09,Guam,66,542,4,3026,45
2020-04-10,Guam,66,577,4,3603,49
2020-04-11,Guam,66,681,5,4284,54
2020-04-12,Guam,66,716,5,5000,59
2020-04-13,Guam,66,716,6,5716,65
2020-03-06,Hawaii,15,1,0,1,0
2020-03-07,Hawaii,15,1,0,2,0
2020-03-08,Hawaii,15,2,0,4,0
2020-03-09,Hawaii,15,2,0,6,0
2020-03-10,Hawaii,15,2,0,8,0
2020-03-11,Hawaii,15,2,0,10,0
2020-03-12,Hawaii,15,2,0,12,0
2020-03-13,Hawaii,15,2,0,14,0
2020-03-14,Hawaii,15,4,0,18,0
2020-03-15,Hawaii,15,7,0,25,0
2020-03-16,Hawaii,15,10,0,35,0
2020-03-17,Hawaii,15,14,0,49,0
2020-03-18,Hawaii,15,16,0,65,0
2020-03-19,Hawaii,15,26,0,91,0
2020-03-20,Hawaii,15,37,0,128,0
2020-03-21,Hawaii,15,48,0,176,0
2020-03-22,Hawaii,15,56,0,232,0
2020-03-23,Hawaii,15,77,0,309,0
2020-03-24,Hawaii,15,90,0,399,0
2020-03-25,Hawaii,15,95,0,494,0
2020-03-26,Hawaii,15,106,0,600,0
2020-03-27,Hawaii,15,120,0,720,0
2020-03-28,Hawaii,15,151,0,871,0
2020-03-29,Hawaii,15,175,0,1046,0
2020-03-30,Hawaii,15,204,0,1250,0
2020-03-31,Hawaii,15,224,1,1474,1
2020-04-01,Hawaii,15,258,1,1732,2
2020-04-02,Hawaii,15,283,2,2015,4
2020-04-03,Hawaii,15,317,3,2332,7
2020-04-04,Hawaii,15,349,3,2681,10
2020-04-05,Hawaii,15,369,4,3050,14
2020-04-06,Hawaii,15,385,5,3435,19
2020-04-07,Hawaii,15,408,5,3843,24
2020-04-08,Hawaii,15,433,5,4276,29
2020-04-09,Hawaii,15,440,6,4716,35
2020-04-10,Hawaii,15,463,8,5179,43
2020-04-11,Hawaii,15,484,8,5663,51
2020-04-12,Hawaii,15,497,9,6160,60
2020-04-13,Hawaii,15,502,9,6662,69
2020-03-13,Idaho,16,1,0,1,0
2020-03-14,Idaho,16,5,0,6,0
2020-03-15,Idaho,16,5,0,11,0
2020-03-16,Idaho,16,5,0,16,0
2020-03-17,Idaho,16,9,0,25,0
2020-03-18,Idaho,16,11,0,36,0
2020-03-19,Idaho,16,23,0,59,0
2020-03-20,Idaho,16,31,0,90,0
2020-03-21,Idaho,16,42,0,132,0
2020-03-22,Idaho,16,47,0,179,0
2020-03-23,Idaho,16,50,0,229,0
2020-03-24,Idaho,16,73,0,302,0
2020-03-25,Idaho,16,123,0,425,0
2020-03-26,Idaho,16,189,3,614,3
2020-03-27,Idaho,16,231,4,845,7
2020-03-28,Idaho,16,261,5,1106,12
2020-03-29,Idaho,16,310,6,1416,18
2020-03-30,Idaho,16,415,7,1831,25
2020-03-31,Idaho,16,526,9,2357,34
2020-04-01,Idaho,16,669,9,3026,43
2020-04-02,Idaho,16,891,9,3917,52
2020-04-03,Idaho,16,1013,10,4930,62
2020-04-04,Idaho,16,1077,10,6007,72
2020-04-05,Idaho,16,1101,10,7108,82
2020-04-06,Idaho,16,1170,13,8278,95
2020-04-07,Idaho,16,1210,15,9488,110
2020-04-08,Idaho,16,1232,19,10720,129
2020-04-09,Idaho,16,1353,24,12073,153
2020-04-10,Idaho,16,1397,25,13470,178
2020-04-11,Idaho,16,1407,27,14877,205
2020-04-12,Idaho,16,1426,27,16303,232
2020-04-13,Idaho,16,1453,33,17756,265
2020-01-24,Illinois,17,1,0,1,0
2020-01-25,Illinois,17,1,0,2,0
2020-01-26,Illinois,17,1,0,3,0
2020-01-27,Illinois,17,1,0,4,0
2020-01-28,Illinois,17,1,0,5,0
2020-01-29,Illinois,17,1,0,6,0
2020-01-30,Illinois,17,2,0,8,0
2020-01-31,Illinois,17,2,0,10,0
2020-02-01,Illinois,17,2,0,12,0
2020-02-02,Illinois,17,2,0,14,0
2020-02-03,Illinois,17,2,0,16,0
2020-02-04,Illinois,17,2,0,18,0
2020-02-05,Illinois,17,2,0,20,0
2020-02-06,Illinois,17,2,0,22,0
2020-02-07,Illinois,17,2,0,24,0
2020-02-08,Illinois,17,2,0,26,0
2020-02-09,Illinois,17,2,0,28,0
2020-02-10,Illinois,17,2,0,30,0
2020-02-11,Illinois,17,2,0,32,0
2020-02-12,Illinois,17,2,0,34,0
2020-02-13,Illinois,17,2,0,36,0
2020-02-14,Illinois,17,2,0,38,0
2020-02-15,Illinois,17,2,0,40,0
2020-02-16,Illinois,17,2,0,42,0
2020-02-17,Illinois,17,2,0,44,0
2020-02-18,Illinois,17,2,0,46,0
2020-02-19,Illinois,17,2,0,48,0
2020-02-20,Illinois,17,2,0,50,0
2020-02-21,Illinois,17,2,0,52,0
2020-02-22,Illinois,17,2,0,54,0
2020-02-23,Illinois,17,2,0,56,0
2020-02-24,Illinois,17,2,0,58,0
2020-02-25,Illinois,17,2,0,60,0
2020-02-26,Illinois,17,2,0,62,0
2020-02-27,Illinois,17,2,0,64,0
2020-02-28,Illinois,17,2,0,66,0
2020-02-29,Illinois,17,3,0,69,0
2020-03-01,Illinois,17,3,0,72,0
2020-03-02,Illinois,17,4,0,76,0
2020-03-03,Illinois,17,4,0,80,0
2020-03-04,Illinois,17,4,0,84,0
2020-03-05,Illinois,17,5,0,89,0
2020-03-06,Illinois,17,6,0,95,0
2020-03-07,Illinois,17,6,0,101,0
2020-03-08,Illinois,17,7,0,108,0
2020-03-09,Illinois,17,11,0,119,0
2020-03-10,Illinois,17,19,0,138,0
2020-03-11,Illinois,17,25,0,163,0
2020-03-12,Illinois,17,32,0,195,0
2020-03-13,Illinois,17,46,0,241,0
2020-03-14,Illinois,17,66,0,307,0
2020-03-15,Illinois,17,94,0,401,0
2020-03-16,Illinois,17,104,0,505,0
2020-03-17,Illinois,17,159,1,664,1
2020-03-18,Illinois,17,286,1,950,2
2020-03-19,Illinois,17,420,4,1370,6
2020-03-20,Illinois,17,583,5,1953,11
2020-03-21,Illinois,17,751,6,2704,17
2020-03-22,Illinois,17,1047,9,3751,26
2020-03-23,Illinois,17,1285,12,5036,38
2020-03-24,Illinois,17,1535,16,6571,54
2020-03-25,Illinois,17,1875,21,8446,75
2020-03-26,Illinois,17,2538,26,10984,101
2020-03-27,Illinois,17,3029,37,14013,138
2020-03-28,Illinois,17,3547,50,17560,188
2020-03-29,Illinois,17,4613,70,22173,258
2020-03-30,Illinois,17,5070,84,27243,342
2020-03-31,Illinois,17,5994,107,33237,449
2020-04-01,Illinois,17,6980,146,40217,595
2020-04-02,Illinois,17,7695,165,47912,760
2020-04-03,Illinois,17,8904,211,56816,971
2020-04-04,Illinois,17,10357,248,67173,1219
2020-04-05,Illinois,17,11276,282,78449,1501
2020-04-06,Illinois,17,12262,309,90711,1810
2020-04-07,Illinois,17,13549,384,104260,2194
2020-04-08,Illinois,17,15078,464,119338,2658
2020-04-09,Illinois,17,16422,534,135760,3192
2020-04-10,Illinois,17,17887,607,153647,3799
2020-04-11,Illinois,17,19180,682,172827,4481
2020-04-12,Illinois,17,20852,727,193679,5208
2020-04-13,Illinois,17,22025,800,215704,6008
2020-03-06,Indiana,18,1,0,1,0
2020-03-07,Indiana,18,1,0,2,0
2020-03-08,Indiana,18,2,0,4,0
2020-03-09,Indiana,18,4,0,8,0
2020-03-10,Indiana,18,6,0,14,0
2020-03-11,Indiana,18,11,0,25,0
2020-03-12,Indiana,18,12,0,37,0
2020-03-13,Indiana,18,12,0,49,0
2020-03-14,Indiana,18,15,0,64,0
2020-03-15,Indiana,18,19,0,83,0
2020-03-16,Indiana,18,24,1,107,1
2020-03-17,Indiana,18,30,2,137,3
2020-03-18,Indiana,18,39,2,176,5
2020-03-19,Indiana,18,56,2,232,7
2020-03-20,Indiana,18,79,3,311,10
2020-03-21,Indiana,18,126,4,437,14
2020-03-22,Indiana,18,201,6,638,20
2020-03-23,Indiana,18,259,7,897,27
2020-03-24,Indiana,18,366,12,1263,39
2020-03-25,Indiana,18,479,14,1742,53
2020-03-26,Indiana,18,656,18,2398,71
2020-03-27,Indiana,18,982,26,3380,97
2020-03-28,Indiana,18,1232,31,4612,128
2020-03-29,Indiana,18,1514,32,6126,160
2020-03-30,Indiana,18,1788,35,7914,195
2020-03-31,Indiana,18,2159,50,10073,245
2020-04-01,Indiana,18,2565,65,12638,310
2020-04-02,Indiana,18,3039,78,15677,388
2020-04-03,Indiana,18,3437,102,19114,490
2020-04-04,Indiana,18,3953,116,23067,606
2020-04-05,Indiana,18,4411,127,27478,733
2020-04-06,Indiana,18,4956,141,32434,874
2020-04-07,Indiana,18,5507,173,37941,1047
2020-04-08,Indiana,18,5943,203,43884,1250
2020-04-09,Indiana,18,6351,246,50235,1496
2020-04-10,Indiana,18,6907,300,57142,1796
2020-04-11,Indiana,18,7435,330,64577,2126
2020-04-12,Indiana,18,7928,343,72505,2469
2020-04-13,Indiana,18,8236,350,80741,2819
2020-03-08,Iowa,19,3,0,3,0
2020-03-09,Iowa,19,8,0,11,0
2020-03-10,Iowa,19,13,0,24,0
2020-03-11,Iowa,19,14,0,38,0
2020-03-12,Iowa,19,16,0,54,0
2020-03-13,Iowa,19,17,0,71,0
2020-03-14,Iowa,19,18,0,89,0
2020-03-15,Iowa,19,22,0,111,0
2020-03-16,Iowa,19,22,0,133,0
2020-03-17,Iowa,19,29,0,162,0
2020-03-18,Iowa,19,38,0,200,0
2020-03-19,Iowa,19,44,0,244,0
2020-03-20,Iowa,19,45,0,289,0
2020-03-21,Iowa,19,68,0,357,0
2020-03-22,Iowa,19,90,0,447,0
2020-03-23,Iowa,19,105,0,552,0
2020-03-24,Iowa,19,124,1,676,1
2020-03-25,Iowa,19,145,1,821,2
2020-03-26,Iowa,19,179,1,1000,3
2020-03-27,Iowa,19,235,3,1235,6
2020-03-28,Iowa,19,298,3,1533,9
2020-03-29,Iowa,19,336,4,1869,13
2020-03-30,Iowa,19,424,6,2293,19
2020-03-31,Iowa,19,498,7,2791,26
2020-04-01,Iowa,19,549,9,3340,35
2020-04-02,Iowa,19,614,11,3954,46
2020-04-03,Iowa,19,699,11,4653,57
2020-04-04,Iowa,19,786,11,5439,68
2020-04-05,Iowa,19,868,22,6307,90
2020-04-06,Iowa,19,946,25,7253,115
2020-04-07,Iowa,19,1048,26,8301,141
2020-04-08,Iowa,19,1145,27,9446,168
2020-04-09,Iowa,19,1270,27,10716,195
2020-04-10,Iowa,19,1388,31,12104,226
2020-04-11,Iowa,19,1510,34,13614,260
2020-04-12,Iowa,19,1587,41,15201,301
2020-04-13,Iowa,19,1710,44,16911,345
2020-03-07,Kansas,20,1,0,1,0
2020-03-08,Kansas,20,1,0,2,0
2020-03-09,Kansas,20,1,0,3,0
2020-03-10,Kansas,20,1,0,4,0
2020-03-11,Kansas,20,1,0,5,0
2020-03-12,Kansas,20,5,1,10,1
2020-03-13,Kansas,20,6,1,16,2
2020-03-14,Kansas,20,8,1,24,3
2020-03-15,Kansas,20,9,1,33,4
2020-03-16,Kansas,20,11,1,44,5
2020-03-17,Kansas,20,17,1,61,6
2020-03-18,Kansas,20,22,1,83,7
2020-03-19,Kansas,20,35,1,118,8
2020-03-20,Kansas,20,49,1,167,9
2020-03-21,Kansas,20,57,2,224,11
2020-03-22,Kansas,20,66,2,290,13
2020-03-23,Kansas,20,82,2,372,15
2020-03-24,Kansas,20,99,3,471,18
2020-03-25,Kansas,20,132,3,603,21
2020-03-26,Kansas,20,171,3,774,24
2020-03-27,Kansas,20,212,4,986,28
2020-03-28,Kansas,20,271,6,1257,34
2020-03-29,Kansas,20,332,7,1589,41
2020-03-30,Kansas,20,373,9,1962,50
2020-03-31,Kansas,20,434,10,2396,60
2020-04-01,Kansas,20,488,11,2884,71
2020-04-02,Kansas,20,554,14,3438,85
2020-04-03,Kansas,20,624,19,4062,104
2020-04-04,Kansas,20,701,21,4763,125
2020-04-05,Kansas,20,763,23,5526,148
2020-04-06,Kansas,20,853,25,6379,173
2020-04-07,Kansas,20,905,30,7284,203
2020-04-08,Kansas,20,1055,38,8339,241
2020-04-09,Kansas,20,1116,42,9455,283
2020-04-10,Kansas,20,1180,50,10635,333
2020-04-11,Kansas,20,1283,55,11918,388
2020-04-12,Kansas,20,1338,56,13256,444
2020-04-13,Kansas,20,1383,63,14639,507
2020-03-06,Kentucky,21,1,0,1,0
2020-03-07,Kentucky,21,1,0,2,0
2020-03-08,Kentucky,21,4,0,6,0
2020-03-09,Kentucky,21,5,0,11,0
2020-03-10,Kentucky,21,7,0,18,0
2020-03-11,Kentucky,21,7,0,25,0
2020-03-12,Kentucky,21,11,0,36,0
2020-03-13,Kentucky,21,11,0,47,0
2020-03-14,Kentucky,21,18,0,65,0
2020-03-15,Kentucky,21,21,0,86,0
2020-03-16,Kentucky,21,22,1,108,1
2020-03-17,Kentucky,21,26,1,134,2
2020-03-18,Kentucky,21,35,1,169,3
2020-03-19,Kentucky,21,47,2,216,5
2020-03-20,Kentucky,21,63,2,279,7
2020-03-21,Kentucky,21,84,3,363,10
2020-03-22,Kentucky,21,103,3,466,13
2020-03-23,Kentucky,21,124,3,590,16
2020-03-24,Kentucky,21,157,3,747,19
2020-03-25,Kentucky,21,198,5,945,24
2020-03-26,Kentucky,21,248,5,1193,29
2020-03-27,Kentucky,21,302,8,1495,37
2020-03-28,Kentucky,21,394,9,1889,46
2020-03-29,Kentucky,21,439,9,2328,55
2020-03-30,Kentucky,21,480,11,2808,66
2020-03-31,Kentucky,21,590,18,3398,84
2020-04-01,Kentucky,21,682,20,4080,104
2020-04-02,Kentucky,21,755,34,4835,138
2020-04-03,Kentucky,21,770,34,5605,172
2020-04-04,Kentucky,21,917,40,6522,212
2020-04-05,Kentucky,21,1048,44,7570,256
2020-04-06,Kentucky,21,1057,52,8627,308
2020-04-07,Kentucky,21,1289,66,9916,374
2020-04-08,Kentucky,21,1393,73,11309,447
2020-04-09,Kentucky,21,1525,84,12834,531
2020-04-10,Kentucky,21,1702,90,14536,621
2020-04-11,Kentucky,21,1851,94,16387,715
2020-04-12,Kentucky,21,1963,98,18350,813
2020-04-13,Kentucky,21,2048,106,20398,919
2020-03-09,Louisiana,22,1,0,1,0
2020-03-10,Louisiana,22,6,0,7,0
2020-03-11,Louisiana,22,13,0,20,0
2020-03-12,Louisiana,22,14,0,34,0
2020-03-13,Louisiana,22,36,0,70,0
2020-03-14,Louisiana,22,77,1,147,1
2020-03-15,Louisiana,22,103,2,250,3
2020-03-16,Louisiana,22,137,3,387,6
2020-03-17,Louisiana,22,196,5,583,11
2020-03-18,Louisiana,22,280,7,863,18
2020-03-19,Louisiana,22,392,10,1255,28
2020-03-20,Louisiana,22,537,10,1792,38
2020-03-21,Louisiana,22,763,16,2555,54
2020-03-22,Louisiana,22,837,20,3392,74
2020-03-23,Louisiana,22,1172,34,4564,108
2020-03-24,Louisiana,22,1388,46,5952,154
2020-03-25,Louisiana,22,1795,65,7747,219
2020-03-26,Louisiana,22,2305,83,10052,302
2020-03-27,Louisiana,22,2746,119,12798,421
2020-03-28,Louisiana,22,3315,137,16113,558
2020-03-29,Louisiana,22,3540,152,19653,710
2020-03-30,Louisiana,22,4025,186,23678,896
2020-03-31,Louisiana,22,5237,240,28915,1136
2020-04-01,Louisiana,22,6424,273,35339,1409
2020-04-02,Louisiana,22,9150,310,44489,1719
2020-04-03,Louisiana,22,10297,370,54786,2089
2020-04-04,Louisiana,22,12496,412,67282,2501
2020-04-05,Louisiana,22,13010,477,80292,2978
2020-04-06,Louisiana,22,14867,512,95159,3490
2020-04-07,Louisiana,22,16284,582,111443,4072
2020-04-08,Louisiana,22,17030,652,128473,4724
2020-04-09,Louisiana,22,18283,702,146756,5426
2020-04-10,Louisiana,22,19253,755,166009,6181
2020-04-11,Louisiana,22,20014,806,186023,6987
2020-04-12,Louisiana,22,20595,840,206618,7827
2020-04-13,Louisiana,22,21016,884,227634,8711
2020-03-12,Maine,23,1,0,1,0
2020-03-13,Maine,23,2,0,3,0
2020-03-14,Maine,23,3,0,6,0
2020-03-15,Maine,23,12,0,18,0
2020-03-16,Maine,23,17,0,35,0
2020-03-17,Maine,23,32,0,67,0
2020-03-18,Maine,23,43,0,110,0
2020-03-19,Maine,23,52,0,162,0
2020-03-20,Maine,23,57,0,219,0
2020-03-21,Maine,23,70,0,289,0
2020-03-22,Maine,23,89,0,378,0
2020-03-23,Maine,23,107,0,485,0
2020-03-24,Maine,23,118,0,603,0
2020-03-25,Maine,23,142,0,745,0
2020-03-26,Maine,23,155,0,900,0
2020-03-27,Maine,23,168,1,1068,1
2020-03-28,Maine,23,211,1,1279,2
2020-03-29,Maine,23,253,3,1532,5
2020-03-30,Maine,23,275,3,1807,8
2020-03-31,Maine,23,303,5,2110,13
2020-04-01,Maine,23,344,7,2454,20
2020-04-02,Maine,23,376,7,2830,27
2020-04-03,Maine,23,432,9,3262,36
2020-04-04,Maine,23,456,10,3718,46
2020-04-05,Maine,23,470,10,4188,56
2020-04-06,Maine,23,499,10,4687,66
2020-04-07,Maine,23,519,12,5206,78
2020-04-08,Maine,23,537,14,5743,92
2020-04-09,Maine,23,560,16,6303,108
2020-04-10,Maine,23,586,17,6889,125
2020-04-11,Maine,23,616,19,7505,144
2020-04-12,Maine,23,633,19,8138,163
2020-04-13,Maine,23,698,19,8836,182
2020-03-05,Maryland,24,3,0,3,0
2020-03-06,Maryland,24,3,0,6,0
2020-03-07,Maryland,24,3,0,9,0
2020-03-08,Maryland,24,5,0,14,0
2020-03-09,Maryland,24,6,0,20,0
2020-03-10,Maryland,24,9,0,29,0
2020-03-11,Maryland,24,13,0,42,0
2020-03-12,Maryland,24,13,0,55,0
2020-03-13,Maryland,24,18,0,73,0
2020-03-14,Maryland,24,27,0,100,0
2020-03-15,Maryland,24,32,0,132,0
2020-03-16,Maryland,24,39,0,171,0
2020-03-17,Maryland,24,57,0,228,0
2020-03-18,Maryland,24,85,1,313,1
2020-03-19,Maryland,24,108,1,421,2
2020-03-20,Maryland,24,150,2,571,4
2020-03-21,Maryland,24,195,3,766,7
2020-03-22,Maryland,24,245,3,1011,10
2020-03-23,Maryland,24,290,3,1301,13
2020-03-24,Maryland,24,349,4,1650,17
2020-03-25,Maryland,24,423,4,2073,21
2020-03-26,Maryland,24,581,4,2654,25
2020-03-27,Maryland,24,775,5,3429,30
2020-03-28,Maryland,24,1066,10,4495,40
2020-03-29,Maryland,24,1244,11,5739,51
2020-03-30,Maryland,24,1414,15,7153,66
2020-03-31,Maryland,24,1662,18,8815,84
2020-04-01,Maryland,24,1985,33,10800,117
2020-04-02,Maryland,24,2331,36,13131,153
2020-04-03,Maryland,24,2758,42,15889,195
2020-04-04,Maryland,24,3125,54,19014,249
2020-04-05,Maryland,24,3609,68,22623,317
2020-04-06,Maryland,24,4045,92,26668,409
2020-04-07,Maryland,24,4371,104,31039,513
2020-04-08,Maryland,24,5529,124,36568,637
2020-04-09,Maryland,24,6185,139,42753,776
2020-04-10,Maryland,24,6968,172,49721,948
2020-04-11,Maryland,24,7694,207,57415,1155
2020-04-12,Maryland,24,8225,236,65640,1391
2020-04-13,Maryland,24,8936,262,74576,1653
2020-02-01,Massachusetts,25,1,0,1,0
2020-02-02,Massachusetts,25,1,0,2,0
2020-02-03,Massachusetts,25,1,0,3,0
2020-02-04,Massachusetts,25,1,0,4,0
2020-02-05,Massachusetts,25,1,0,5,0
2020-02-06,Massachusetts,25,1,0,6,0
2020-02-07,Massachusetts,25,1,0,7,0
2020-02-08,Massachusetts,25,1,0,8,0
2020-02-09,Massachusetts,25,1,0,9,0
2020-02-10,Massachusetts,25,1,0,10,0
2020-02-11,Massachusetts,25,1,0,11,0
2020-02-12,Massachusetts,25,1,0,12,0
2020-02-13,Massachusetts,25,1,0,13,0
2020-02-14,Massachusetts,25,1,0,14,0
2020-02-15,Massachusetts,25,1,0,15,0
2020-02-16,Massachusetts,25,1,0,16,0
2020-02-17,Massachusetts,25,1,0,17,0
2020-02-18,Massachusetts,25,1,0,18,0
2020-02-19,Massachusetts,25,1,0,19,0
2020-02-20,Massachusetts,25,1,0,20,0
2020-02-21,Massachusetts,25,1,0,21,0
2020-02-22,Massachusetts,25,1,0,22,0
2020-02-23,Massachusetts,25,1,0,23,0
2020-02-24,Massachusetts,25,1,0,24,0
2020-02-25,Massachusetts,25,1,0,25,0
2020-02-26,Massachusetts,25,1,0,26,0
2020-02-27,Massachusetts,25,1,0,27,0
2020-02-28,Massachusetts,25,1,0,28,0
2020-02-29,Massachusetts,25,1,0,29,0
2020-03-01,Massachusetts,25,1,0,30,0
2020-03-02,Massachusetts,25,2,0,32,0
2020-03-03,Massachusetts,25,2,0,34,0
2020-03-04,Massachusetts,25,2,0,36,0
2020-03-05,Massachusetts,25,3,0,39,0
2020-03-06,Massachusetts,25,8,0,47,0
2020-03-07,Massachusetts,25,13,0,60,0
2020-03-08,Massachusetts,25,28,0,88,0
2020-03-09,Massachusetts,25,41,0,129,0
2020-03-10,Massachusetts,25,92,0,221,0
2020-03-11,Massachusetts,25,95,0,316,0
2020-03-12,Massachusetts,25,108,0,424,0
2020-03-13,Massachusetts,25,123,0,547,0
2020-03-14,Massachusetts,25,138,0,685,0
2020-03-15,Massachusetts,25,164,0,849,0
2020-03-16,Massachusetts,25,197,0,1046,0
2020-03-17,Massachusetts,25,218,0,1264,0
2020-03-18,Massachusetts,25,256,0,1520,0
2020-03-19,Massachusetts,25,328,0,1848,0
2020-03-20,Massachusetts,25,413,1,2261,1
2020-03-21,Massachusetts,25,525,2,2786,3
2020-03-22,Massachusetts,25,646,5,3432,8
2020-03-23,Massachusetts,25,777,5,4209,13
2020-03-24,Massachusetts,25,1159,11,5368,24
2020-03-25,Massachusetts,25,1838,15,7206,39
2020-03-26,Massachusetts,25,2417,25,9623,64
2020-03-27,Massachusetts,25,3240,35,12863,99
2020-03-28,Massachusetts,25,4257,44,17120,143
2020-03-29,Massachusetts,25,4955,48,22075,191
2020-03-30,Massachusetts,25,5752,61,27827,252
2020-03-31,Massachusetts,25,6620,89,34447,341
2020-04-01,Massachusetts,25,7738,122,42185,463
2020-04-02,Massachusetts,25,8966,154,51151,617
2020-04-03,Massachusetts,25,10402,192,61553,809
2020-04-04,Massachusetts,25,11736,216,73289,1025
2020-04-05,Massachusetts,25,12500,231,85789,1256
2020-04-06,Massachusetts,25,13837,260,99626,1516
2020-04-07,Massachusetts,25,15202,356,114828,1872
2020-04-08,Massachusetts,25,16790,433,131618,2305
2020-04-09,Massachusetts,25,18941,503,150559,2808
2020-04-10,Massachusetts,25,20974,599,171533,3407
2020-04-11,Massachusetts,25,22860,686,194393,4093
2020-04-12,Massachusetts,25,25475,756,219868,4849
2020-04-13,Massachusetts,25,26867,844,246735,5693
2020-03-10,Michigan,26,2,0,2,0
2020-03-11,Michigan,26,2,0,4,0
2020-03-12,Michigan,26,12,0,16,0
2020-03-13,Michigan,26,25,0,41,0
2020-03-14,Michigan,26,33,0,74,0
2020-03-15,Michigan,26,53,0,127,0
2020-03-16,Michigan,26,54,0,181,0
2020-03-17,Michigan,26,65,0,246,0
2020-03-18,Michigan,26,80,1,326,1
2020-03-19,Michigan,26,334,3,660,4
2020-03-20,Michigan,26,548,4,1208,8
2020-03-21,Michigan,26,787,6,1995,14
2020-03-22,Michigan,26,1033,9,3028,23
2020-03-23,Michigan,26,1324,16,4352,39
2020-03-24,Michigan,26,1791,24,6143,63
2020-03-25,Michigan,26,2294,43,8437,106
2020-03-26,Michigan,26,2878,63,11315,169
2020-03-27,Michigan,26,3657,93,14972,262
2020-03-28,Michigan,26,4635,111,19607,373
2020-03-29,Michigan,26,5486,132,25093,505
2020-03-30,Michigan,26,6508,197,31601,702
2020-03-31,Michigan,26,7630,264,39231,966
2020-04-01,Michigan,26,9293,336,48524,1302
2020-04-02,Michigan,26,10791,417,59315,1719
2020-04-03,Michigan,26,12670,478,71985,2197
2020-04-04,Michigan,26,14225,540,86210,2737
2020-04-05,Michigan,26,15635,616,101845,3353
2020-04-06,Michigan,26,17130,727,118975,4080
2020-04-07,Michigan,26,18852,845,137827,4925
2020-04-08,Michigan,26,20220,959,158047,5884
2020-04-09,Michigan,26,21375,1076,179422,6960
2020-04-10,Michigan,26,22646,1280,202068,8240
2020-04-11,Michigan,26,23853,1391,225921,9631
2020-04-12,Michigan,26,24494,1486,250415,11117
2020-04-13,Michigan,26,25487,1601,275902,12718
2020-03-06,Minnesota,27,1,0,1,0
2020-03-07,Minnesota,27,1,0,2,0
2020-03-08,Minnesota,27,2,0,4,0
2020-03-09,Minnesota,27,2,0,6,0
2020-03-10,Minnesota,27,3,0,9,0
2020-03-11,Minnesota,27,5,0,14,0
2020-03-12,Minnesota,27,9,0,23,0
2020-03-13,Minnesota,27,14,0,37,0
2020-03-14,Minnesota,27,21,0,58,0
2020-03-15,Minnesota,27,35,0,93,0
2020-03-16,Minnesota,27,54,0,147,0
2020-03-17,Minnesota,27,60,0,207,0
2020-03-18,Minnesota,27,77,0,284,0
2020-03-19,Minnesota,27,89,0,373,0
2020-03-20,Minnesota,27,115,0,488,0
2020-03-21,Minnesota,27,138,1,626,1
2020-03-22,Minnesota,27,171,1,797,2
2020-03-23,Minnesota,27,235,1,1032,3
2020-03-24,Minnesota,27,262,1,1294,4
2020-03-25,Minnesota,27,287,1,1581,5
2020-03-26,Minnesota,27,346,2,1927,7
2020-03-27,Minnesota,27,398,4,2325,11
2020-03-28,Minnesota,27,441,5,2766,16
2020-03-29,Minnesota,27,504,9,3270,25
2020-03-30,Minnesota,27,576,10,3846,35
2020-03-31,Minnesota,27,629,12,4475,47
2020-04-01,Minnesota,27,689,17,5164,64
2020-04-02,Minnesota,27,742,18,5906,82
2020-04-03,Minnesota,27,789,22,6695,104
2020-04-04,Minnesota,27,865,24,7560,128
2020-04-05,Minnesota,27,935,29,8495,157
2020-04-06,Minnesota,27,986,30,9481,187
2020-04-07,Minnesota,27,1069,34,10550,221
2020-04-08,Minnesota,27,1154,39,11704,260
2020-04-09,Minnesota,27,1242,50,12946,310
2020-04-10,Minnesota,27,1335,57,14281,367
2020-04-11,Minnesota,27,1427,64,15708,431
2020-04-12,Minnesota,27,1621,70,17329,501
2020-04-13,Minnesota,27,1650,70,18979,571
2020-03-11,Mississippi,28,1,0,1,0
2020-03-12,Mississippi,28,1,0,2,0
2020-03-13,Mississippi,28,6,0,8,0
2020-03-14,Mississippi,28,6,0,14,0
2020-03-15,Mississippi,28,10,0,24,0
2020-03-16,Mississippi,28,12,0,36,0
2020-03-17,Mississippi,28,21,0,57,0
2020-03-18,Mississippi,28,34,0,91,0
2020-03-19,Mississippi,28,50,1,141,1
2020-03-20,Mississippi,28,80,1,221,2
2020-03-21,Mississippi,28,140,1,361,3
2020-03-22,Mississippi,28,207,1,568,4
2020-03-23,Mississippi,28,249,1,817,5
2020-03-24,Mississippi,28,320,1,1137,6
2020-03-25,Mississippi,28,377,5,1514,11
2020-03-26,Mississippi,28,487,6,2001,17
2020-03-27,Mississippi,28,579,8,2580,25
2020-03-28,Mississippi,28,669,13,3249,38
2020-03-29,Mississippi,28,759,14,4008,52
2020-03-30,Mississippi,28,848,16,4856,68
2020-03-31,Mississippi,28,937,20,5793,88
2020-04-01,Mississippi,28,1073,22,6866,110
2020-04-02,Mississippi,28,1177,26,8043,136
2020-04-03,Mississippi,28,1358,29,9401,165
2020-04-04,Mississippi,28,1455,35,10856,200
2020-04-05,Mississippi,28,1638,43,12494,243
2020-04-06,Mississippi,28,1738,51,14232,294
2020-04-07,Mississippi,28,1915,59,16147,353
2020-04-08,Mississippi,28,2003,67,18150,420
2020-04-09,Mississippi,28,2260,76,20410,496
2020-04-10,Mississippi,28,2469,82,22879,578
2020-04-11,Mississippi,28,2642,93,25521,671
2020-04-12,Mississippi,28,2781,96,28302,767
2020-04-13,Mississippi,28,2942,98,31244,865
2020-03-07,Missouri,29,1,0,1,0
2020-03-08,Missouri,29,1,0,2,0
2020-03-09,Missouri,29,1,0,3,0
2020-03-10,Missouri,29,1,0,4,0
2020-03-11,Missouri,29,1,0,5,0
2020-03-12,Missouri,29,2,0,7,0
2020-03-13,Missouri,29,4,0,11,0
2020-03-14,Missouri,29,5,0,16,0
2020-03-15,Missouri,29,5,0,21,0
2020-03-16,Missouri,29,9,0,30,0
2020-03-17,Missouri,29,16,0,46,0
2020-03-18,Missouri,29,21,1,67,1
2020-03-19,Missouri,29,35,1,102,2
2020-03-20,Missouri,29,73,3,175,5
2020-03-21,Missouri,29,93,3,268,8
2020-03-22,Missouri,29,130,3,398,11
2020-03-23,Missouri,29,183,4,581,15
2020-03-24,Missouri,29,255,5,836,20
2020-03-25,Missouri,29,377,8,1213,28
2020-03-26,Missouri,29,507,8,1720,36
2020-03-27,Missouri,29,671,9,2391,45
2020-03-28,Missouri,29,838,10,3229,55
2020-03-29,Missouri,29,903,12,4132,67
2020-03-30,Missouri,29,1050,13,5182,80
2020-03-31,Missouri,29,1351,15,6533,95
2020-04-01,Missouri,29,1581,18,8114,113
2020-04-02,Missouri,29,1834,24,9948,137
2020-04-03,Missouri,29,2113,31,12061,168
2020-04-04,Missouri,29,2291,44,14352,212
2020-04-05,Missouri,29,2367,52,16719,264
2020-04-06,Missouri,29,2722,56,19441,320
2020-04-07,Missouri,29,3037,79,22478,399
2020-04-08,Missouri,29,3327,86,25805,485
2020-04-09,Missouri,29,3539,94,29344,579
2020-04-10,Missouri,29,3799,105,33143,684
2020-04-11,Missouri,29,4024,116,37167,800
2020-04-12,Missouri,29,4160,116,41327,916
2020-04-13,Missouri,29,4388,137,45715,1053
2020-03-13,Montana,30,4,0,4,0
2020-03-14,Montana,30,6,0,10,0
2020-03-15,Montana,30,6,0,16,0
2020-03-16,Montana,30,8,0,24,0
2020-03-17,Montana,30,8,0,32,0
2020-03-18,Montana,30,12,0,44,0
2020-03-19,Montana,30,19,0,63,0
2020-03-20,Montana,30,19,0,82,0
2020-03-21,Montana,30,29,0,111,0
2020-03-22,Montana,30,34,0,145,0
2020-03-23,Montana,30,45,0,190,0
2020-03-24,Montana,30,51,0,241,0
2020-03-25,Montana,30,65,0,306,0
2020-03-26,Montana,30,90,0,396,0
2020-03-27,Montana,30,121,1,517,1
2020-03-28,Montana,30,147,1,664,2
2020-03-29,Montana,30,161,1,825,3
2020-03-30,Montana,30,177,4,1002,7
2020-03-31,Montana,30,198,5,1200,12
2020-04-01,Montana,30,217,5,1417,17
2020-04-02,Montana,30,241,5,1658,22
2020-04-03,Montana,30,262,5,1920,27
2020-04-04,Montana,30,281,6,2201,33
2020-04-05,Montana,30,298,6,2499,39
2020-04-06,Montana,30,319,6,2818,45
2020-04-07,Montana,30,319,6,3137,51
2020-04-08,Montana,30,332,6,3469,57
2020-04-09,Montana,30,354,6,3823,63
2020-04-10,Montana,30,365,6,4188,69
2020-04-11,Montana,30,377,6,4565,75
2020-04-12,Montana,30,387,6,4952,81
2020-04-13,Montana,30,394,7,5346,88
2020-02-17,Nebraska,31,10,0,10,0
2020-02-18,Nebraska,31,10,0,20,0
2020-02-19,Nebraska,31,10,0,30,0
2020-02-20,Nebraska,31,11,0,41,0
2020-02-21,Nebraska,31,11,0,52,0
2020-02-22,Nebraska,31,11,0,63,0
2020-02-23,Nebraska,31,11,0,74,0
2020-02-24,Nebraska,31,12,0,86,0
2020-02-25,Nebraska,31,13,0,99,0
2020-02-26,Nebraska,31,13,0,112,0
2020-02-27,Nebraska,31,13,0,125,0
2020-02-28,Nebraska,31,13,0,138,0
2020-02-29,Nebraska,31,13,0,151,0
2020-03-01,Nebraska,31,13,0,164,0
2020-03-02,Nebraska,31,13,0,177,0
2020-03-03,Nebraska,31,13,0,190,0
2020-03-04,Nebraska,31,13,0,203,0
2020-03-05,Nebraska,31,13,0,216,0
2020-03-06,Nebraska,31,14,0,230,0
2020-03-07,Nebraska,31,14,0,244,0
2020-03-08,Nebraska,31,16,0,260,0
2020-03-09,Nebraska,31,16,0,276,0
2020-03-10,Nebraska,31,17,0,293,0
2020-03-11,Nebraska,31,23,0,316,0
2020-03-12,Nebraska,31,24,0,340,0
2020-03-13,Nebraska,31,27,0,367,0
2020-03-14,Nebraska,31,29,0,396,0
2020-03-15,Nebraska,31,31,0,427,0
2020-03-16,Nebraska,31,33,0,460,0
2020-03-17,Nebraska,31,36,0,496,0
2020-03-18,Nebraska,31,43,0,539,0
2020-03-19,Nebraska,31,47,0,586,0
2020-03-20,Nebraska,31,53,0,639,0
2020-03-21,Nebraska,31,61,0,700,0
2020-03-22,Nebraska,31,62,0,762,0
2020-03-23,Nebraska,31,73,0,835,0
2020-03-24,Nebraska,31,77,0,912,0
2020-03-25,Nebraska,31,84,0,996,0
2020-03-26,Nebraska,31,92,0,1088,0
2020-03-27,Nebraska,31,100,2,1188,2
2020-03-28,Nebraska,31,122,2,1310,4
2020-03-29,Nebraska,31,137,2,1447,6
2020-03-30,Nebraska,31,185,3,1632,9
2020-03-31,Nebraska,31,193,4,1825,13
2020-04-01,Nebraska,31,249,5,2074,18
2020-04-02,Nebraska,31,273,6,2347,24
2020-04-03,Nebraska,31,296,6,2643,30
2020-04-04,Nebraska,31,339,8,2982,38
2020-04-05,Nebraska,31,377,8,3359,46
2020-04-06,Nebraska,31,438,10,3797,56
2020-04-07,Nebraska,31,490,12,4287,68
2020-04-08,Nebraska,31,538,14,4825,82
2020-04-09,Nebraska,31,594,15,5419,97
2020-04-10,Nebraska,31,679,18,6098,115
2020-04-11,Nebraska,31,719,18,6817,133
2020-04-12,Nebraska,31,806,18,7623,151
2020-04-13,Nebraska,31,871,19,8494,170
2020-03-05,Nevada,32,2,0,2,0
2020-03-06,Nevada,32,2,0,4,0
2020-03-07,Nevada,32,2,0,6,0
2020-03-08,Nevada,32,4,0,10,0
2020-03-09,Nevada,32,4,0,14,0
2020-03-10,Nevada,32,4,0,18,0
2020-03-11,Nevada,32,7,0,25,0
2020-03-12,Nevada,32,11,0,36,0
2020-03-13,Nevada,32,19,0,55,0
2020-03-14,Nevada,32,21,0,76,0
2020-03-15,Nevada,32,26,0,102,0
2020-03-16,Nevada,32,45,1,147,1
2020-03-17,Nevada,32,55,1,202,2
2020-03-18,Nevada,32,82,1,284,3
2020-03-19,Nevada,32,99,1,383,4
2020-03-20,Nevada,32,165,2,548,6
2020-03-21,Nevada,32,165,2,713,8
2020-03-22,Nevada,32,190,2,903,10
2020-03-23,Nevada,32,265,4,1168,14
2020-03-24,Nevada,32,315,6,1483,20
2020-03-25,Nevada,32,405,10,1888,30
2020-03-26,Nevada,32,535,10,2423,40
2020-03-27,Nevada,32,621,10,3044,50
2020-03-28,Nevada,32,738,14,3782,64
2020-03-29,Nevada,32,920,15,4702,79
2020-03-30,Nevada,32,1044,18,5746,97
2020-03-31,Nevada,32,1113,26,6859,123
2020-04-01,Nevada,32,1279,32,8138,155
2020-04-02,Nevada,32,1458,38,9596,193
2020-04-03,Nevada,32,1549,43,11145,236
2020-04-04,Nevada,32,1758,46,12903,282
2020-04-05,Nevada,32,1880,46,14783,328
2020-04-06,Nevada,32,1971,58,16754,386
2020-04-07,Nevada,32,2101,60,18855,446
2020-04-08,Nevada,32,2318,80,21173,526
2020-04-09,Nevada,32,2456,82,23629,608
2020-04-10,Nevada,32,2606,86,26235,694
2020-04-11,Nevada,32,2720,111,28955,805
2020-04-12,Nevada,32,2860,113,31815,918
2020-04-13,Nevada,32,3036,114,34851,1032
2020-03-02,New Hampshire,33,1,0,1,0
2020-03-03,New Hampshire,33,2,0,3,0
2020-03-04,New Hampshire,33,2,0,5,0
2020-03-05,New Hampshire,33,2,0,7,0
2020-03-06,New Hampshire,33,2,0,9,0
2020-03-07,New Hampshire,33,4,0,13,0
2020-03-08,New Hampshire,33,4,0,17,0
2020-03-09,New Hampshire,33,4,0,21,0
2020-03-10,New Hampshire,33,5,0,26,0
2020-03-11,New Hampshire,33,5,0,31,0
2020-03-12,New Hampshire,33,6,0,37,0
2020-03-13,New Hampshire,33,7,0,44,0
2020-03-14,New Hampshire,33,7,0,51,0
2020-03-15,New Hampshire,33,13,0,64,0
2020-03-16,New Hampshire,33,17,0,81,0
2020-03-17,New Hampshire,33,26,0,107,0
2020-03-18,New Hampshire,33,39,0,146,0
2020-03-19,New Hampshire,33,44,0,190,0
2020-03-20,New Hampshire,33,55,0,245,0
2020-03-21,New Hampshire,33,65,0,310,0
2020-03-22,New Hampshire,33,78,0,388,0
2020-03-23,New Hampshire,33,101,1,489,1
2020-03-24,New Hampshire,33,108,1,597,2
2020-03-25,New Hampshire,33,137,1,734,3
2020-03-26,New Hampshire,33,158,1,892,4
2020-03-27,New Hampshire,33,187,2,1079,6
2020-03-28,New Hampshire,33,214,2,1293,8
2020-03-29,New Hampshire,33,258,3,1551,11
2020-03-30,New Hampshire,33,314,3,1865,14
2020-03-31,New Hampshire,33,367,3,2232,17
2020-04-01,New Hampshire,33,415,4,2647,21
2020-04-02,New Hampshire,33,479,5,3126,26
2020-04-03,New Hampshire,33,540,7,3666,33
2020-04-04,New Hampshire,33,621,9,4287,42
2020-04-05,New Hampshire,33,669,9,4956,51
2020-04-06,New Hampshire,33,715,9,5671,60
2020-04-07,New Hampshire,33,747,13,6418,73
2020-04-08,New Hampshire,33,788,18,7206,91
2020-04-09,New Hampshire,33,819,21,8025,112
2020-04-10,New Hampshire,33,885,22,8910,134
2020-04-11,New Hampshire,33,929,23,9839,157
2020-04-12,New Hampshire,33,985,23,10824,180
2020-04-13,New Hampshire,33,1020,23,11844,203
2020-03-04,New Jersey,34,1,0,1,0
2020-03-05,New Jersey,34,2,0,3,0
2020-03-06,New Jersey,34,4,0,7,0
2020-03-07,New Jersey,34,4,0,11,0
2020-03-08,New Jersey,34,6,0,17,0
2020-03-09,New Jersey,34,11,0,28,0
2020-03-10,New Jersey,34,15,1,43,1
2020-03-11,New Jersey,34,23,1,66,2
2020-03-12,New Jersey,34,29,1,95,3
2020-03-13,New Jersey,34,50,1,145,4
2020-03-14,New Jersey,34,75,2,220,6
2020-03-15,New Jersey,34,98,2,318,8
2020-03-16,New Jersey,34,176,3,494,11
2020-03-17,New Jersey,34,268,3,762,14
2020-03-18,New Jersey,34,427,5,1189,19
2020-03-19,New Jersey,34,735,9,1924,28
2020-03-20,New Jersey,34,896,11,2820,39
2020-03-21,New Jersey,34,1336,16,4156,55
2020-03-22,New Jersey,34,1914,20,6070,75
2020-03-23,New Jersey,34,2844,27,8914,102
2020-03-24,New Jersey,34,3675,44,12589,146
2020-03-25,New Jersey,34,4402,62,16991,208
2020-03-26,New Jersey,34,6876,81,23867,289
2020-03-27,New Jersey,34,8825,108,32692,397
2020-03-28,New Jersey,34,11124,140,43816,537
2020-03-29,New Jersey,34,13386,161,57202,698
2020-03-30,New Jersey,34,16636,199,73838,897
2020-03-31,New Jersey,34,18696,267,92534,1164
2020-04-01,New Jersey,34,22255,355,114789,1519
2020-04-02,New Jersey,34,25590,539,140379,2058
2020-04-03,New Jersey,34,29895,647,170274,2705
2020-04-04,New Jersey,34,34124,847,204398,3552
2020-04-05,New Jersey,34,37505,917,241903,4469
2020-04-06,New Jersey,34,41090,1005,282993,5474
2020-04-07,New Jersey,34,44416,1232,327409,6706
2020-04-08,New Jersey,34,47437,1504,374846,8210
2020-04-09,New Jersey,34,51027,1700,425873,9910
2020-04-10,New Jersey,34,54588,1932,480461,11842
2020-04-11,New Jersey,34,58151,2183,538612,14025
2020-04-12,New Jersey,34,61850,2350,600462,16375
2020-04-13,New Jersey,34,64584,2443,665046,18818
2020-03-11,New Mexico,35,4,0,4,0
2020-03-12,New Mexico,35,6,0,10,0
2020-03-13,New Mexico,35,10,0,20,0
2020-03-14,New Mexico,35,13,0,33,0
2020-03-15,New Mexico,35,17,0,50,0
2020-03-16,New Mexico,35,21,0,71,0
2020-03-17,New Mexico,35,23,0,94,0
2020-03-18,New Mexico,35,28,0,122,0
2020-03-19,New Mexico,35,35,0,157,0
2020-03-20,New Mexico,35,43,0,200,0
2020-03-21,New Mexico,35,57,0,257,0
2020-03-22,New Mexico,35,65,0,322,0
2020-03-23,New Mexico,35,83,0,405,0
2020-03-24,New Mexico,35,100,0,505,0
2020-03-25,New Mexico,35,112,1,617,1
2020-03-26,New Mexico,35,136,1,753,2
2020-03-27,New Mexico,35,191,1,944,3
2020-03-28,New Mexico,35,208,2,1152,5
2020-03-29,New Mexico,35,237,2,1389,7
2020-03-30,New Mexico,35,281,4,1670,11
2020-03-31,New Mexico,35,315,5,1985,16
2020-04-01,New Mexico,35,363,6,2348,22
2020-04-02,New Mexico,35,403,7,2751,29
2020-04-03,New Mexico,35,495,10,3246,39
2020-04-04,New Mexico,35,543,11,3789,50
2020-04-05,New Mexico,35,624,12,4413,62
2020-04-06,New Mexico,35,686,12,5099,74
2020-04-07,New Mexico,35,794,13,5893,87
2020-04-08,New Mexico,35,865,16,6758,103
2020-04-09,New Mexico,35,989,17,7747,120
2020-04-10,New Mexico,35,1091,19,8838,139
2020-04-11,New Mexico,35,1174,20,10012,159
2020-04-12,New Mexico,35,1245,26,11257,185
2020-04-13,New Mexico,35,1345,31,12602,216
2020-03-01,New York,36,1,0,1,0
2020-03-02,New York,36,1,0,2,0
2020-03-03,New York,36,2,0,4,0
2020-03-04,New York,36,11,0,15,0
2020-03-05,New York,36,22,0,37,0
2020-03-06,New York,36,44,0,81,0
2020-03-07,New York,36,89,0,170,0
2020-03-08,New York,36,106,0,276,0
2020-03-09,New York,36,142,0,418,0
2020-03-10,New York,36,173,0,591,0
2020-03-11,New York,36,217,0,808,0
2020-03-12,New York,36,326,0,1134,0
2020-03-13,New York,36,421,0,1555,0
2020-03-14,New York,36,610,2,2165,2
2020-03-15,New York,36,732,6,2897,8
2020-03-16,New York,36,950,10,3847,18
2020-03-17,New York,36,1374,17,5221,35
2020-03-18,New York,36,2382,27,7603,62
2020-03-19,New York,36,4152,30,11755,92
2020-03-20,New York,36,7102,57,18857,149
2020-03-21,New York,36,10356,80,29213,229
2020-03-22,New York,36,15168,122,44381,351
2020-03-23,New York,36,20875,159,65256,510
2020-03-24,New York,36,25665,218,90921,728
2020-03-25,New York,36,33066,325,123987,1053
2020-03-26,New York,36,38987,432,162974,1485
2020-03-27,New York,36,44635,535,207609,2020
2020-03-28,New York,36,53363,782,260972,2802
2020-03-29,New York,36,59568,965,320540,3767
2020-03-30,New York,36,67174,1224,387714,4991
2020-03-31,New York,36,75832,1550,463546,6541
2020-04-01,New York,36,83889,1941,547435,8482
2020-04-02,New York,36,92770,2653,640205,11135
2020-04-03,New York,36,102870,2935,743075,14070
2020-04-04,New York,36,114996,3568,858071,17638
2020-04-05,New York,36,122911,4161,980982,21799
2020-04-06,New York,36,130703,4758,1111685,26557
2020-04-07,New York,36,140081,5563,1251766,32120
2020-04-08,New York,36,149401,6268,1401167,38388
2020-04-09,New York,36,159937,7067,1561104,45455
2020-04-10,New York,36,170512,7844,1731616,53299
2020-04-11,New York,36,180458,8627,1912074,61926
2020-04-12,New York,36,188694,9385,2100768,71311
2020-04-13,New York,36,195031,10056,2295799,81367
2020-03-03,North Carolina,37,1,0,1,0
2020-03-04,North Carolina,37,1,0,2,0
2020-03-05,North Carolina,37,1,0,3,0
2020-03-06,North Carolina,37,2,0,5,0
2020-03-07,North Carolina,37,2,0,7,0
2020-03-08,North Carolina,37,2,0,9,0
2020-03-09,North Carolina,37,7,0,16,0
2020-03-10,North Carolina,37,7,0,23,0
2020-03-11,North Carolina,37,8,0,31,0
2020-03-12,North Carolina,37,16,0,47,0
2020-03-13,North Carolina,37,18,0,65,0
2020-03-14,North Carolina,37,25,0,90,0
2020-03-15,North Carolina,37,32,0,122,0
2020-03-16,North Carolina,37,34,0,156,0
2020-03-17,North Carolina,37,42,0,198,0
2020-03-18,North Carolina,37,66,0,264,0
2020-03-19,North Carolina,37,104,0,368,0
2020-03-20,North Carolina,37,144,0,512,0
2020-03-21,North Carolina,37,184,0,696,0
2020-03-22,North Carolina,37,269,0,965,0
2020-03-23,North Carolina,37,303,0,1268,0
2020-03-24,North Carolina,37,399,0,1667,0
2020-03-25,North Carolina,37,563,1,2230,1
2020-03-26,North Carolina,37,638,2,2868,3
2020-03-27,North Carolina,37,783,3,3651,6
2020-03-28,North Carolina,37,972,4,4623,10
2020-03-29,North Carolina,37,1167,6,5790,16
2020-03-30,North Carolina,37,1304,6,7094,22
2020-03-31,North Carolina,37,1528,10,8622,32
2020-04-01,North Carolina,37,1582,11,10204,43
2020-04-02,North Carolina,37,1857,17,12061,60
2020-04-03,North Carolina,37,2093,19,14154,79
2020-04-04,North Carolina,37,2402,30,16556,109
2020-04-05,North Carolina,37,2585,37,19141,146
2020-04-06,North Carolina,37,2870,40,22011,186
2020-04-07,North Carolina,37,3220,50,25231,236
2020-04-08,North Carolina,37,3423,61,28654,297
2020-04-09,North Carolina,37,3651,74,32305,371
2020-04-10,North Carolina,37,3906,78,36211,449
2020-04-11,North Carolina,37,4310,86,40521,535
2020-04-12,North Carolina,37,4520,86,45041,621
2020-04-13,North Carolina,37,4815,91,49856,712
2020-03-11,North Dakota,38,1,0,1,0
2020-03-12,North Dakota,38,1,0,2,0
2020-03-13,North Dakota,38,1,0,3,0
2020-03-14,North Dakota,38,1,0,4,0
2020-03-15,North Dakota,38,1,0,5,0
2020-03-16,North Dakota,38,1,0,6,0
2020-03-17,North Dakota,38,5,0,11,0
2020-03-18,North Dakota,38,7,0,18,0
2020-03-19,North Dakota,38,19,0,37,0
2020-03-20,North Dakota,38,27,0,64,0
2020-03-21,North Dakota,38,28,0,92,0
2020-03-22,North Dakota,38,30,0,122,0
2020-03-23,North Dakota,38,32,0,154,0
2020-03-24,North Dakota,38,36,0,190,0
2020-03-25,North Dakota,38,45,0,235,0
2020-03-26,North Dakota,38,58,0,293,0
2020-03-27,North Dakota,38,68,1,361,1
2020-03-28,North Dakota,38,94,1,455,2
2020-03-29,North Dakota,38,98,1,553,3
2020-03-30,North Dakota,38,109,3,662,6
2020-03-31,North Dakota,38,126,3,788,9
2020-04-01,North Dakota,38,147,3,935,12
2020-04-02,North Dakota,38,159,3,1094,15
2020-04-03,North Dakota,38,173,3,1267,18
2020-04-04,North Dakota,38,186,3,1453,21
2020-04-05,North Dakota,38,207,3,1660,24
2020-04-06,North Dakota,38,225,3,1885,27
2020-04-07,North Dakota,38,237,4,2122,31
2020-04-08,North Dakota,38,251,4,2373,35
2020-04-09,North Dakota,38,269,5,2642,40
2020-04-10,North Dakota,38,278,7,2920,47
2020-04-11,North Dakota,38,293,7,3213,54
2020-04-12,North Dakota,38,308,8,3521,62
2020-04-13,North Dakota,38,331,9,3852,71
2020-03-28,Northern Mariana Islands,69,2,0,2,0
2020-03-29,Northern Mariana Islands,69,2,0,4,0
2020-03-30,Northern Mariana Islands,69,2,0,6,0
2020-03-31,Northern Mariana Islands,69,2,0,8,0
2020-04-01,Northern Mariana Islands,69,6,1,14,1
2020-04-02,Northern Mariana Islands,69,8,1,22,2
2020-04-03,Northern Mariana Islands,69,8,1,30,3
2020-04-04,Northern Mariana Islands,69,8,1,38,4
2020-04-05,Northern Mariana Islands,69,8,1,46,5
2020-04-06,Northern Mariana Islands,69,8,1,54,6
2020-04-07,Northern Mariana Islands,69,8,2,62,8
2020-04-08,Northern Mariana Islands,69,11,2,73,10
2020-04-09,Northern Mariana Islands,69,11,2,84,12
2020-04-10,Northern Mariana Islands,69,11,2,95,14
2020-04-11,Northern Mariana Islands,69,11,2,106,16
2020-04-12,Northern Mariana Islands,69,11,2,117,18
2020-04-13,Northern Mariana Islands,69,11,2,128,20
2020-03-09,Ohio,39,3,0,3,0
2020-03-10,Ohio,39,3,0,6,0
2020-03-11,Ohio,39,4,0,10,0
2020-03-12,Ohio,39,5,0,15,0
2020-03-13,Ohio,39,13,0,28,0
2020-03-14,Ohio,39,26,0,54,0
2020-03-15,Ohio,39,37,0,91,0
2020-03-16,Ohio,39,50,0,141,0
2020-03-17,Ohio,39,67,0,208,0
2020-03-18,Ohio,39,90,0,298,0
2020-03-19,Ohio,39,120,0,418,0
2020-03-20,Ohio,39,169,1,587,1
2020-03-21,Ohio,39,247,3,834,4
2020-03-22,Ohio,39,351,3,1185,7
2020-03-23,Ohio,39,444,6,1629,13
2020-03-24,Ohio,39,564,8,2193,21
2020-03-25,Ohio,39,706,11,2899,32
2020-03-26,Ohio,39,867,15,3766,47
2020-03-27,Ohio,39,1144,22,4910,69
2020-03-28,Ohio,39,1406,25,6316,94
2020-03-29,Ohio,39,1665,30,7981,124
2020-03-30,Ohio,39,1933,40,9914,164
2020-03-31,Ohio,39,2199,55,12113,219
2020-04-01,Ohio,39,2547,65,14660,284
2020-04-02,Ohio,39,2902,81,17562,365
2020-04-03,Ohio,39,3312,91,20874,456
2020-04-04,Ohio,39,3739,102,24613,558
2020-04-05,Ohio,39,4043,119,28656,677
2020-04-06,Ohio,39,4450,142,33106,819
2020-04-07,Ohio,39,4782,167,37888,986
2020-04-08,Ohio,39,5148,193,43036,1179
2020-04-09,Ohio,39,5512,213,48548,1392
2020-04-10,Ohio,39,5878,231,54426,1623
2020-04-11,Ohio,39,6250,247,60676,1870
2020-04-12,Ohio,39,6604,253,67280,2123
2020-04-13,Ohio,39,6975,274,74255,2397
2020-03-06,Oklahoma,40,1,0,1,0
2020-03-07,Oklahoma,40,1,0,2,0
2020-03-08,Oklahoma,40,1,0,3,0
2020-03-09,Oklahoma,40,1,0,4,0
2020-03-10,Oklahoma,40,2,0,6,0
2020-03-11,Oklahoma,40,2,0,8,0
2020-03-12,Oklahoma,40,2,0,10,0
2020-03-13,Oklahoma,40,3,0,13,0
2020-03-14,Oklahoma,40,4,0,17,0
2020-03-15,Oklahoma,40,8,0,25,0
2020-03-16,Oklahoma,40,10,0,35,0
2020-03-17,Oklahoma,40,18,0,53,0
2020-03-18,Oklahoma,40,29,0,82,0
2020-03-19,Oklahoma,40,44,1,126,1
2020-03-20,Oklahoma,40,49,1,175,2
2020-03-21,Oklahoma,40,53,1,228,3
2020-03-22,Oklahoma,40,67,2,295,5
2020-03-23,Oklahoma,40,81,2,376,7
2020-03-24,Oklahoma,40,106,3,482,10
2020-03-25,Oklahoma,40,164,5,646,15
2020-03-26,Oklahoma,40,248,7,894,22
2020-03-27,Oklahoma,40,322,8,1216,30
2020-03-28,Oklahoma,40,377,15,1593,45
2020-03-29,Oklahoma,40,429,16,2022,61
2020-03-30,Oklahoma,40,481,17,2503,78
2020-03-31,Oklahoma,40,566,23,3069,101
2020-04-01,Oklahoma,40,719,30,3788,131
2020-04-02,Oklahoma,40,879,34,4667,165
2020-04-03,Oklahoma,40,988,38,5655,203
2020-04-04,Oklahoma,40,1159,42,6814,245
2020-04-05,Oklahoma,40,1252,46,8066,291
2020-04-06,Oklahoma,40,1327,51,9393,342
2020-04-07,Oklahoma,40,1472,67,10865,409
2020-04-08,Oklahoma,40,1524,79,12389,488
2020-04-09,Oklahoma,40,1684,80,14073,568
2020-04-10,Oklahoma,40,1794,88,15867,656
2020-04-11,Oklahoma,40,1868,93,17735,749
2020-04-12,Oklahoma,40,1970,96,19705,845
2020-04-13,Oklahoma,40,2069,98,21774,943
2020-02-28,Oregon,41,1,0,1,0
2020-02-29,Oregon,41,1,0,2,0
2020-03-01,Oregon,41,2,0,4,0
2020-03-02,Oregon,41,2,0,6,0
2020-03-03,Oregon,41,2,0,8,0
2020-03-04,Oregon,41,2,0,10,0
2020-03-05,Oregon,41,2,0,12,0
2020-03-06,Oregon,41,2,0,14,0
2020-03-07,Oregon,41,6,0,20,0
2020-03-08,Oregon,41,13,0,33,0
2020-03-09,Oregon,41,13,0,46,0
2020-03-10,Oregon,41,14,0,60,0
2020-03-11,Oregon,41,20,0,80,0
2020-03-12,Oregon,41,30,0,110,0
2020-03-13,Oregon,41,30,0,140,0
2020-03-14,Oregon,41,36,1,176,1
2020-03-15,Oregon,41,39,1,215,2
2020-03-16,Oregon,41,46,1,261,3
2020-03-17,Oregon,41,66,2,327,5
2020-03-18,Oregon,41,74,3,401,8
2020-03-19,Oregon,41,87,3,488,11
2020-03-20,Oregon,41,114,3,602,14
2020-03-21,Oregon,41,137,4,739,18
2020-03-22,Oregon,41,161,5,900,23
2020-03-23,Oregon,41,191,5,1091,28
2020-03-24,Oregon,41,209,8,1300,36
2020-03-25,Oregon,41,266,10,1566,46
2020-03-26,Oregon,41,316,11,1882,57
2020-03-27,Oregon,41,414,12,2296,69
2020-03-28,Oregon,41,479,13,2775,82
2020-03-29,Oregon,41,548,13,3323,95
2020-03-30,Oregon,41,606,16,3929,111
2020-03-31,Oregon,41,690,18,4619,129
2020-04-01,Oregon,41,736,19,5355,148
2020-04-02,Oregon,41,826,21,6181,169
2020-04-03,Oregon,41,899,22,7080,191
2020-04-04,Oregon,41,999,26,8079,217
2020-04-05,Oregon,41,1068,27,9147,244
2020-04-06,Oregon,41,1132,29,10279,273
2020-04-07,Oregon,41,1181,33,11460,306
2020-04-08,Oregon,41,1239,38,12699,344
2020-04-09,Oregon,41,1321,44,14020,388
2020-04-10,Oregon,41,1371,48,15391,436
2020-04-11,Oregon,41,1447,51,16838,487
2020-04-12,Oregon,41,1527,52,18365,539
2020-04-13,Oregon,41,1584,53,19949,592
2020-03-06,Pennsylvania,42,2,0,2,0
2020-03-07,Pennsylvania,42,4,0,6,0
2020-03-08,Pennsylvania,42,6,0,12,0
2020-03-09,Pennsylvania,42,10,0,22,0
2020-03-10,Pennsylvania,42,12,0,34,0
2020-03-11,Pennsylvania,42,16,0,50,0
2020-03-12,Pennsylvania,42,22,0,72,0
2020-03-13,Pennsylvania,42,41,0,113,0
2020-03-14,Pennsylvania,42,47,0,160,0
2020-03-15,Pennsylvania,42,68,0,228,0
2020-03-16,Pennsylvania,42,81,0,309,0
2020-03-17,Pennsylvania,42,101,0,410,0
2020-03-18,Pennsylvania,42,139,1,549,1
2020-03-19,Pennsylvania,42,187,1,736,2
2020-03-20,Pennsylvania,42,269,1,1005,3
2020-03-21,Pennsylvania,42,388,2,1393,5
2020-03-22,Pennsylvania,42,504,3,1897,8
2020-03-23,Pennsylvania,42,644,6,2541,14
2020-03-24,Pennsylvania,42,851,7,3392,21
2020-03-25,Pennsylvania,42,1151,11,4543,32
2020-03-26,Pennsylvania,42,1690,16,6233,48
2020-03-27,Pennsylvania,42,2218,23,8451,71
2020-03-28,Pennsylvania,42,2815,35,11266,106
2020-03-29,Pennsylvania,42,3441,40,14707,146
2020-03-30,Pennsylvania,42,4156,48,18863,194
2020-03-31,Pennsylvania,42,4997,72,23860,266
2020-04-01,Pennsylvania,42,5805,74,29665,340
2020-04-02,Pennsylvania,42,7016,90,36681,430
2020-04-03,Pennsylvania,42,8420,102,45101,532
2020-04-04,Pennsylvania,42,10109,139,55210,671
2020-04-05,Pennsylvania,42,11589,159,66799,830
2020-04-06,Pennsylvania,42,13074,169,79873,999
2020-04-07,Pennsylvania,42,14582,240,94455,1239
2020-04-08,Pennsylvania,42,16414,313,110869,1552
2020-04-09,Pennsylvania,42,18379,344,129248,1896
2020-04-10,Pennsylvania,42,20128,435,149376,2331
2020-04-11,Pennsylvania,42,21774,515,171150,2846
2020-04-12,Pennsylvania,42,22955,525,194105,3371
2020-04-13,Pennsylvania,42,24295,563,218400,3934
2020-03-13,Puerto Rico,72,3,0,3,0
2020-03-14,Puerto Rico,72,4,0,7,0
2020-03-15,Puerto Rico,72,5,0,12,0
2020-03-16,Puerto Rico,72,5,0,17,0
2020-03-17,Puerto Rico,72,5,0,22,0
2020-03-18,Puerto Rico,72,5,0,27,0
2020-03-19,Puerto Rico,72,6,0,33,0
2020-03-20,Puerto Rico,72,14,0,47,0
2020-03-21,Puerto Rico,72,21,1,68,1
2020-03-22,Puerto Rico,72,23,1,91,2
2020-03-23,Puerto Rico,72,31,2,122,4
2020-03-24,Puerto Rico,72,39,2,161,6
2020-03-25,Puerto Rico,72,51,2,212,8
2020-03-26,Puerto Rico,72,64,2,276,10
2020-03-27,Puerto Rico,72,79,3,355,13
2020-03-28,Puerto Rico,72,100,3,455,16
2020-03-29,Puerto Rico,72,127,5,582,21
2020-03-30,Puerto Rico,72,174,6,756,27
2020-03-31,Puerto Rico,72,239,8,995,35
2020-04-01,Puerto Rico,72,286,11,1281,46
2020-04-02,Puerto Rico,72,316,12,1597,58
2020-04-03,Puerto Rico,72,378,15,1975,73
2020-04-04,Puerto Rico,72,452,18,2427,91
2020-04-05,Puerto Rico,72,475,20,2902,111
2020-04-06,Puerto Rico,72,513,21,3415,132
2020-04-07,Puerto Rico,72,573,23,3988,155
2020-04-08,Puerto Rico,72,620,24,4608,179
2020-04-09,Puerto Rico,72,683,33,5291,212
2020-04-10,Puerto Rico,72,725,39,6016,251
2020-04-11,Puerto Rico,72,788,42,6804,293
2020-04-12,Puerto Rico,72,897,44,7701,337
2020-04-13,Puerto Rico,72,903,45,8604,382
2020-03-01,Rhode Island,44,2,0,2,0
2020-03-02,Rhode Island,44,2,0,4,0
2020-03-03,Rhode Island,44,2,0,6,0
2020-03-04,Rhode Island,44,2,0,8,0
2020-03-05,Rhode Island,44,2,0,10,0
2020-03-06,Rhode Island,44,3,0,13,0
2020-03-07,Rhode Island,44,3,0,16,0
2020-03-08,Rhode Island,44,3,0,19,0
2020-03-09,Rhode Island,44,3,0,22,0
2020-03-10,Rhode Island,44,5,0,27,0
2020-03-11,Rhode Island,44,5,0,32,0
2020-03-12,Rhode Island,44,5,0,37,0
2020-03-13,Rhode Island,44,20,0,57,0
2020-03-14,Rhode Island,44,20,0,77,0
2020-03-15,Rhode Island,44,20,0,97,0
2020-03-16,Rhode Island,44,21,0,118,0
2020-03-17,Rhode Island,44,23,0,141,0
2020-03-18,Rhode Island,44,33,0,174,0
2020-03-19,Rhode Island,44,44,0,218,0
2020-03-20,Rhode Island,44,44,0,262,0
2020-03-21,Rhode Island,44,66,0,328,0
2020-03-22,Rhode Island,44,83,0,411,0
2020-03-23,Rhode Island,44,106,0,517,0
2020-03-24,Rhode Island,44,124,0,641,0
2020-03-25,Rhode Island,44,132,0,773,0
2020-03-26,Rhode Island,44,165,0,938,0
2020-03-27,Rhode Island,44,203,0,1141,0
2020-03-28,Rhode Island,44,239,2,1380,2
2020-03-29,Rhode Island,44,294,3,1674,5
2020-03-30,Rhode Island,44,408,4,2082,9
2020-03-31,Rhode Island,44,488,8,2570,17
2020-04-01,Rhode Island,44,566,10,3136,27
2020-04-02,Rhode Island,44,657,12,3793,39
2020-04-03,Rhode Island,44,711,14,4504,53
2020-04-04,Rhode Island,44,806,17,5310,70
2020-04-05,Rhode Island,44,922,25,6232,95
2020-04-06,Rhode Island,44,1082,27,7314,122
2020-04-07,Rhode Island,44,1229,30,8543,152
2020-04-08,Rhode Island,44,1450,35,9993,187
2020-04-09,Rhode Island,44,1727,43,11720,230
2020-04-10,Rhode Island,44,2015,49,13735,279
2020-04-11,Rhode Island,44,2349,56,16084,335
2020-04-12,Rhode Island,44,2665,63,18749,398
2020-04-13,Rhode Island,44,2976,73,21725,471
2020-03-06,South Carolina,45,2,0,2,0
2020-03-07,South Carolina,45,2,0,4,0
2020-03-08,South Carolina,45,6,0,10,0
2020-03-09,South Carolina,45,7,0,17,0
2020-03-10,South Carolina,45,9,0,26,0
2020-03-11,South Carolina,45,10,0,36,0
2020-03-12,South Carolina,45,12,0,48,0
2020-03-13,South Carolina,45,13,0,61,0
2020-03-14,South Carolina,45,19,0,80,0
2020-03-15,South Carolina,45,28,0,108,0
2020-03-16,South Carolina,45,33,1,141,1
2020-03-17,South Carolina,45,47,1,188,2
2020-03-18,South Carolina,45,60,1,248,3
2020-03-19,South Carolina,45,81,1,329,4
2020-03-20,South Carolina,45,126,3,455,7
2020-03-21,South Carolina,45,172,3,627,10
2020-03-22,South Carolina,45,194,3,821,13
2020-03-23,South Carolina,45,299,5,1120,18
2020-03-24,South Carolina,45,342,7,1462,25
2020-03-25,South Carolina,45,424,7,1886,32
2020-03-26,South Carolina,45,456,9,2342,41
2020-03-27,South Carolina,45,539,13,2881,54
2020-03-28,South Carolina,45,660,15,3541,69
2020-03-29,South Carolina,45,774,16,4315,85
2020-03-30,South Carolina,45,925,18,5240,103
2020-03-31,South Carolina,45,1083,22,6323,125
2020-04-01,South Carolina,45,1293,26,7616,151
2020-04-02,South Carolina,45,1554,31,9170,182
2020-04-03,South Carolina,45,1700,34,10870,216
2020-04-04,South Carolina,45,1917,40,12787,256
2020-04-05,South Carolina,45,2049,44,14836,300
2020-04-06,South Carolina,45,2232,48,17068,348
2020-04-07,South Carolina,45,2417,51,19485,399
2020-04-08,South Carolina,45,2552,63,22037,462
2020-04-09,South Carolina,45,2792,67,24829,529
2020-04-10,South Carolina,45,3065,72,27894,601
2020-04-11,South Carolina,45,3207,80,31101,681
2020-04-12,South Carolina,45,3319,82,34420,763
2020-04-13,South Carolina,45,3439,87,37859,850
2020-03-10,South Dakota,46,5,1,5,1
2020-03-11,South Dakota,46,8,1,13,2
2020-03-12,South Dakota,46,8,1,21,3
2020-03-13,South Dakota,46,9,1,30,4
2020-03-14,South Dakota,46,9,1,39,5
2020-03-15,South Dakota,46,9,1,48,6
2020-03-16,South Dakota,46,10,1,58,7
2020-03-17,South Dakota,46,11,1,69,8
2020-03-18,South Dakota,46,11,1,80,9
2020-03-19,South Dakota,46,14,1,94,10
2020-03-20,South Dakota,46,14,1,108,11
2020-03-21,South Dakota,46,14,1,122,12
2020-03-22,South Dakota,46,21,1,143,13
2020-03-23,South Dakota,46,28,1,171,14
2020-03-24,South Dakota,46,30,1,201,15
2020-03-25,South Dakota,46,41,1,242,16
2020-03-26,South Dakota,46,46,1,288,17
2020-03-27,South Dakota,46,58,1,346,18
2020-03-28,South Dakota,46,68,1,414,19
2020-03-29,South Dakota,46,90,1,504,20
2020-03-30,South Dakota,46,101,1,605,21
2020-03-31,South Dakota,46,108,1,713,22
2020-04-01,South Dakota,46,129,2,842,24
2020-04-02,South Dakota,46,165,2,1007,26
2020-04-03,South Dakota,46,187,2,1194,28
2020-04-04,South Dakota,46,212,2,1406,30
2020-04-05,South Dakota,46,240,2,1646,32
2020-04-06,South Dakota,46,288,4,1934,36
2020-04-07,South Dakota,46,320,6,2254,42
2020-04-08,South Dakota,46,393,6,2647,48
2020-04-09,South Dakota,46,447,7,3094,55
2020-04-10,South Dakota,46,536,7,3630,62
2020-04-11,South Dakota,46,626,6,4256,68
2020-04-12,South Dakota,46,730,6,4986,74
2020-04-13,South Dakota,46,868,6,5854,80
2020-03-05,Tennessee,47,1,0,1,0
2020-03-06,Tennessee,47,1,0,2,0
2020-03-07,Tennessee,47,1,0,3,0
2020-03-08,Tennessee,47,3,0,6,0
2020-03-09,Tennessee,47,4,0,10,0
2020-03-10,Tennessee,47,7,0,17,0
2020-03-11,Tennessee,47,8,0,25,0
2020-03-12,Tennessee,47,18,0,43,0
2020-03-13,Tennessee,47,26,0,69,0
2020-03-14,Tennessee,47,32,0,101,0
2020-03-15,Tennessee,47,39,0,140,0
2020-03-16,Tennessee,47,52,0,192,0
2020-03-17,Tennessee,47,73,0,265,0
2020-03-18,Tennessee,47,98,0,363,0
2020-03-19,Tennessee,47,155,0,518,0
2020-03-20,Tennessee,47,237,0,755,0
2020-03-21,Tennessee,47,312,2,1067,2
2020-03-22,Tennessee,47,424,2,1491,4
2020-03-23,Tennessee,47,522,2,2013,6
2020-03-24,Tennessee,47,679,2,2692,8
2020-03-25,Tennessee,47,806,3,3498,11
2020-03-26,Tennessee,47,981,3,4479,14
2020-03-27,Tennessee,47,1180,6,5659,20
2020-03-28,Tennessee,47,1364,6,7023,26
2020-03-29,Tennessee,47,1570,7,8593,33
2020-03-30,Tennessee,47,1721,13,10314,46
2020-03-31,Tennessee,47,2049,13,12363,59
2020-04-01,Tennessee,47,2690,23,15053,82
2020-04-02,Tennessee,47,2869,32,17922,114
2020-04-03,Tennessee,47,3032,36,20954,150
2020-04-04,Tennessee,47,3265,47,24219,197
2020-04-05,Tennessee,47,3538,50,27757,247
2020-04-06,Tennessee,47,3753,65,31510,312
2020-04-07,Tennessee,47,4010,72,35520,384
2020-04-08,Tennessee,47,4246,83,39766,467
2020-04-09,Tennessee,47,4456,95,44222,562
2020-04-10,Tennessee,47,4793,104,49015,666
2020-04-11,Tennessee,47,4983,107,53998,773
2020-04-12,Tennessee,47,5144,107,59142,880
2020-04-13,Tennessee,47,5483,114,64625,994
2020-02-12,Texas,48,1,0,1,0
2020-02-13,Texas,48,2,0,3,0
2020-02-14,Texas,48,2,0,5,0
2020-02-15,Texas,48,2,0,7,0
2020-02-16,Texas,48,2,0,9,0
2020-02-17,Texas,48,2,0,11,0
2020-02-18,Texas,48,2,0,13,0
2020-02-19,Texas,48,2,0,15,0
2020-02-20,Texas,48,2,0,17,0
2020-02-21,Texas,48,4,0,21,0
2020-02-22,Texas,48,4,0,25,0
2020-02-23,Texas,48,4,0,29,0
2020-02-24,Texas,48,10,0,39,0
2020-02-25,Texas,48,10,0,49,0
2020-02-26,Texas,48,10,0,59,0
2020-02-27,Texas,48,10,0,69,0
2020-02-28,Texas,48,11,0,80,0
2020-02-29,Texas,48,11,0,91,0
2020-03-01,Texas,48,11,0,102,0
2020-03-02,Texas,48,11,0,113,0
2020-03-03,Texas,48,11,0,124,0
2020-03-04,Texas,48,12,0,136,0
2020-03-05,Texas,48,16,0,152,0
2020-03-06,Texas,48,19,0,171,0
2020-03-07,Texas,48,19,0,190,0
2020-03-08,Texas,48,23,0,213,0
2020-03-09,Texas,48,24,0,237,0
2020-03-10,Texas,48,31,0,268,0
2020-03-11,Texas,48,33,0,301,0
2020-03-12,Texas,48,41,0,342,0
2020-03-13,Texas,48,58,0,400,0
2020-03-14,Texas,48,69,0,469,0
2020-03-15,Texas,48,80,0,549,0
2020-03-16,Texas,48,87,1,636,1
2020-03-17,Texas,48,106,1,742,2
2020-03-18,Texas,48,166,2,908,4
2020-03-19,Texas,48,248,4,1156,8
2020-03-20,Texas,48,377,5,1533,13
2020-03-21,Texas,48,547,5,2080,18
2020-03-22,Texas,48,632,7,2712,25
2020-03-23,Texas,48,728,7,3440,32
2020-03-24,Texas,48,857,11,4297,43
2020-03-25,Texas,48,1119,12,5416,55
2020-03-26,Texas,48,1543,21,6959,76
2020-03-27,Texas,48,1942,23,8901,99
2020-03-28,Texas,48,2161,29,11062,128
2020-03-29,Texas,48,2712,35,13774,163
2020-03-30,Texas,48,3043,46,16817,209
2020-03-31,Texas,48,3576,57,20393,266
2020-04-01,Texas,48,4261,63,24654,329
2020-04-02,Texas,48,4880,79,29534,408
2020-04-03,Texas,48,5669,97,35203,505
2020-04-04,Texas,48,6566,124,41769,629
2020-04-05,Texas,48,7094,137,48863,766
2020-04-06,Texas,48,8115,160,56978,926
2020-04-07,Texas,48,8974,178,65952,1104
2020-04-08,Texas,48,9900,195,75852,1299
2020-04-09,Texas,48,11372,228,87224,1527
2020-04-10,Texas,48,12288,247,99512,1774
2020-04-11,Texas,48,13206,266,112718,2040
2020-04-12,Texas,48,13774,289,126492,2329
2020-04-13,Texas,48,14488,320,140980,2649
2020-02-25,Utah,49,1,0,1,0
2020-02-26,Utah,49,1,0,2,0
2020-02-27,Utah,49,1,0,3,0
2020-02-28,Utah,49,1,0,4,0
2020-02-29,Utah,49,1,0,5,0
2020-03-01,Utah,49,1,0,6,0
2020-03-02,Utah,49,1,0,7,0
2020-03-03,Utah,49,1,0,8,0
2020-03-04,Utah,49,1,0,9,0
2020-03-05,Utah,49,1,0,10,0
2020-03-06,Utah,49,3,0,13,0
2020-03-07,Utah,49,3,0,16,0
2020-03-08,Utah,49,3,0,19,0
2020-03-09,Utah,49,3,0,22,0
2020-03-10,Utah,49,4,0,26,0
2020-03-11,Utah,49,5,0,31,0
2020-03-12,Utah,49,7,0,38,0
2020-03-13,Utah,49,7,0,45,0
2020-03-14,Utah,49,21,0,66,0
2020-03-15,Utah,49,29,0,95,0
2020-03-16,Utah,49,40,0,135,0
2020-03-17,Utah,49,51,0,186,0
2020-03-18,Utah,49,65,0,251,0
2020-03-19,Utah,49,80,0,331,0
2020-03-20,Utah,49,112,0,443,0
2020-03-21,Utah,49,138,0,581,0
2020-03-22,Utah,49,182,1,763,1
2020-03-23,Utah,49,257,1,1020,2
2020-03-24,Utah,49,298,1,1318,3
2020-03-25,Utah,49,346,1,1664,4
2020-03-26,Utah,49,402,1,2066,5
2020-03-27,Utah,49,480,2,2546,7
2020-03-28,Utah,49,608,2,3154,9
2020-03-29,Utah,49,719,2,3873,11
2020-03-30,Utah,49,806,4,4679,15
2020-03-31,Utah,49,887,5,5566,20
2020-04-01,Utah,49,1012,7,6578,27
2020-04-02,Utah,49,1074,7,7652,34
2020-04-03,Utah,49,1260,7,8912,41
2020-04-04,Utah,49,1428,8,10340,49
2020-04-05,Utah,49,1605,8,11945,57
2020-04-06,Utah,49,1675,13,13620,70
2020-04-07,Utah,49,1752,13,15372,83
2020-04-08,Utah,49,1875,13,17247,96
2020-04-09,Utah,49,1980,13,19227,109
2020-04-10,Utah,49,2103,17,21330,126
2020-04-11,Utah,49,2206,18,23536,144
2020-04-12,Utah,49,2303,18,25839,162
2020-04-13,Utah,49,2363,18,28202,180
2020-03-07,Vermont,50,1,0,1,0
2020-03-08,Vermont,50,1,0,2,0
2020-03-09,Vermont,50,1,0,3,0
2020-03-10,Vermont,50,1,0,4,0
2020-03-11,Vermont,50,2,0,6,0
2020-03-12,Vermont,50,2,0,8,0
2020-03-13,Vermont,50,2,0,10,0
2020-03-14,Vermont,50,5,0,15,0
2020-03-15,Vermont,50,8,0,23,0
2020-03-16,Vermont,50,12,0,35,0
2020-03-17,Vermont,50,14,0,49,0
2020-03-18,Vermont,50,19,0,68,0
2020-03-19,Vermont,50,22,2,90,2
2020-03-20,Vermont,50,29,2,119,4
2020-03-21,Vermont,50,49,2,168,6
2020-03-22,Vermont,50,52,2,220,8
2020-03-23,Vermont,50,75,2,295,10
2020-03-24,Vermont,50,95,7,390,17
2020-03-25,Vermont,50,123,8,513,25
2020-03-26,Vermont,50,158,9,671,34
2020-03-27,Vermont,50,184,10,855,44
2020-03-28,Vermont,50,211,12,1066,56
2020-03-29,Vermont,50,235,12,1301,68
2020-03-30,Vermont,50,256,12,1557,80
2020-03-31,Vermont,50,293,13,1850,93
2020-04-01,Vermont,50,321,16,2171,109
2020-04-02,Vermont,50,338,17,2509,126
2020-04-03,Vermont,50,389,17,2898,143
2020-04-04,Vermont,50,461,20,3359,163
2020-04-05,Vermont,50,512,22,3871,185
2020-04-06,Vermont,50,543,23,4414,208
2020-04-07,Vermont,50,575,23,4989,231
2020-04-08,Vermont,50,605,23,5594,254
2020-04-09,Vermont,50,628,23,6222,277
2020-04-10,Vermont,50,679,24,6901,301
2020-04-11,Vermont,50,711,25,7612,326
2020-04-12,Vermont,50,727,27,8339,353
2020-04-13,Vermont,50,748,28,9087,381
2020-03-14,Virgin Islands,78,1,0,1,0
2020-03-15,Virgin Islands,78,1,0,2,0
2020-03-16,Virgin Islands,78,2,0,4,0
2020-03-17,Virgin Islands,78,2,0,6,0
2020-03-18,Virgin Islands,78,3,0,9,0
2020-03-19,Virgin Islands,78,3,0,12,0
2020-03-20,Virgin Islands,78,6,0,18,0
2020-03-21,Virgin Islands,78,6,0,24,0
2020-03-22,Virgin Islands,78,17,0,41,0
2020-03-23,Virgin Islands,78,17,0,58,0
2020-03-24,Virgin Islands,78,17,0,75,0
2020-03-25,Virgin Islands,78,17,0,92,0
2020-03-26,Virgin Islands,78,17,0,109,0
2020-03-27,Virgin Islands,78,19,0,128,0
2020-03-28,Virgin Islands,78,19,0,147,0
2020-03-29,Virgin Islands,78,23,0,170,0
2020-03-30,Virgin Islands,78,30,0,200,0
2020-03-31,Virgin Islands,78,30,0,230,0
2020-04-01,Virgin Islands,78,30,0,260,0
2020-04-02,Virgin Islands,78,37,0,297,0
2020-04-03,Virgin Islands,78,38,0,335,0
2020-04-04,Virgin Islands,78,42,0,377,0
2020-04-05,Virgin Islands,78,42,0,419,0
2020-04-06,Virgin Islands,78,43,1,462,1
2020-04-07,Virgin Islands,78,45,1,507,2
2020-04-08,Virgin Islands,78,45,1,552,3
2020-04-09,Virgin Islands,78,46,1,598,4
2020-04-10,Virgin Islands,78,46,1,644,5
2020-04-11,Virgin Islands,78,51,1,695,6
2020-04-12,Virgin Islands,78,51,1,746,7
2020-04-13,Virgin Islands,78,51,1,797,8
2020-03-07,Virginia,51,1,0,1,0
2020-03-08,Virginia,51,2,0,3,0
2020-03-09,Virginia,51,5,0,8,0
2020-03-10,Virginia,51,8,0,16,0
2020-03-11,Virginia,51,10,0,26,0
2020-03-12,Virginia,51,17,0,43,0
2020-03-13,Virginia,51,30,0,73,0
2020-03-14,Virginia,51,42,1,115,1
2020-03-15,Virginia,51,45,1,160,2
2020-03-16,Virginia,51,51,1,211,3
2020-03-17,Virginia,51,67,2,278,5
2020-03-18,Virginia,51,78,2,356,7
2020-03-19,Virginia,51,94,2,450,9
2020-03-20,Virginia,51,115,2,565,11
2020-03-21,Virginia,51,152,3,717,14
2020-03-22,Virginia,51,219,6,936,20
2020-03-23,Virginia,51,254,6,1190,26
2020-03-24,Virginia,51,290,7,1480,33
2020-03-25,Virginia,51,391,9,1871,42
2020-03-26,Virginia,51,604,14,2475,56
2020-03-27,Virginia,51,606,14,3081,70
2020-03-28,Virginia,51,740,17,3821,87
2020-03-29,Virginia,51,890,22,4711,109
2020-03-30,Virginia,51,1021,26,5732,135
2020-03-31,Virginia,51,1250,27,6982,162
2020-04-01,Virginia,51,1511,34,8493,196
2020-04-02,Virginia,51,1706,41,10199,237
2020-04-03,Virginia,51,2012,46,12211,283
2020-04-04,Virginia,51,2407,52,14618,335
2020-04-05,Virginia,51,2637,52,17255,387
2020-04-06,Virginia,51,2878,54,20133,441
2020-04-07,Virginia,51,3333,69,23466,510
2020-04-08,Virginia,51,3645,75,27111,585
2020-04-09,Virginia,51,4042,109,31153,694
2020-04-10,Virginia,51,4509,121,35662,815
2020-04-11,Virginia,51,5077,130,40739,945
2020-04-12,Virginia,51,5274,141,46013,1086
2020-04-13,Virginia,51,5747,149,51760,1235
2020-01-21,Washington,53,1,0,1,0
2020-01-22,Washington,53,1,0,2,0
2020-01-23,Washington,53,1,0,3,0
2020-01-24,Washington,53,1,0,4,0
2020-01-25,Washington,53,1,0,5,0
2020-01-26,Washington,53,1,0,6,0
2020-01-27,Washington,53,1,0,7,0
2020-01-28,Washington,53,1,0,8,0
2020-01-29,Washington,53,1,0,9,0
2020-01-30,Washington,53,1,0,10,0
2020-01-31,Washington,53,1,0,11,0
2020-02-01,Washington,53,1,0,12,0
2020-02-02,Washington,53,1,0,13,0
2020-02-03,Washington,53,1,0,14,0
2020-02-04,Washington,53,1,0,15,0
2020-02-05,Washington,53,1,0,16,0
2020-02-06,Washington,53,1,0,17,0
2020-02-07,Washington,53,1,0,18,0
2020-02-08,Washington,53,1,0,19,0
2020-02-09,Washington,53,1,0,20,0
2020-02-10,Washington,53,1,0,21,0
2020-02-11,Washington,53,1,0,22,0
2020-02-12,Washington,53,1,0,23,0
2020-02-13,Washington,53,1,0,24,0
2020-02-14,Washington,53,1,0,25,0
2020-02-15,Washington,53,1,0,26,0
2020-02-16,Washington,53,1,0,27,0
2020-02-17,Washington,53,1,0,28,0
2020-02-18,Washington,53,1,0,29,0
2020-02-19,Washington,53,1,0,30,0
2020-02-20,Washington,53,1,0,31,0
2020-02-21,Washington,53,1,0,32,0
2020-02-22,Washington,53,1,0,33,0
2020-02-23,Washington,53,1,0,34,0
2020-02-24,Washington,53,5,0,39,0
2020-02-25,Washington,53,5,0,44,0
2020-02-26,Washington,53,5,0,49,0
2020-02-27,Washington,53,5,0,54,0
2020-02-28,Washington,53,7,0,61,0
2020-02-29,Washington,53,10,1,71,1
2020-03-01,Washington,53,17,3,88,4
2020-03-02,Washington,53,23,6,111,10
2020-03-03,Washington,53,32,10,143,20
2020-03-04,Washington,53,47,11,190,31
2020-03-05,Washington,53,75,11,265,42
2020-03-06,Washington,53,86,12,351,54
2020-03-07,Washington,53,110,16,461,70
2020-03-08,Washington,53,141,19,602,89
2020-03-09,Washington,53,179,22,781,111
2020-03-10,Washington,53,279,24,1060,135
2020-03-11,Washington,53,338,29,1398,164
2020-03-12,Washington,53,419,32,1817,196
2020-03-13,Washington,53,511,37,2328,233
2020-03-14,Washington,53,609,40,2937,273
2020-03-15,Washington,53,675,42,3612,315
2020-03-16,Washington,53,794,48,4406,363
2020-03-17,Washington,53,908,54,5314,417
2020-03-18,Washington,53,1026,68,6340,485
2020-03-19,Washington,53,1228,75,7568,560
2020-03-20,Washington,53,1404,83,8972,643
2020-03-21,Washington,53,1655,95,10627,738
2020-03-22,Washington,53,1844,97,12471,835
2020-03-23,Washington,53,2101,110,14572,945
2020-03-24,Washington,53,2469,123,17041,1068
2020-03-25,Washington,53,2585,130,19626,1198
2020-03-26,Washington,53,3208,151,22834,1349
2020-03-27,Washington,53,3770,177,26604,1526
2020-03-28,Washington,53,4311,191,30915,1717
2020-03-29,Washington,53,4896,207,35811,1924
2020-03-30,Washington,53,5179,221,40990,2145
2020-03-31,Washington,53,5292,226,46282,2371
2020-04-01,Washington,53,5588,249,51870,2620
2020-04-02,Washington,53,6585,272,58455,2892
2020-04-03,Washington,53,6966,293,65421,3185
2020-04-04,Washington,53,7498,318,72919,3503
2020-04-05,Washington,53,7984,344,80903,3847
2020-04-06,Washington,53,8384,383,89287,4230
2020-04-07,Washington,53,8682,409,97969,4639
2020-04-08,Washington,53,9097,430,107066,5069
2020-04-09,Washington,53,9608,456,116674,5525
2020-04-10,Washington,53,9887,483,126561,6008
2020-04-11,Washington,53,10224,498,136785,6506
2020-04-12,Washington,53,10411,511,147196,7017
2020-04-13,Washington,53,10538,525,157734,7542
2020-03-17,West Virginia,54,1,0,1,0
2020-03-18,West Virginia,54,2,0,3,0
2020-03-19,West Virginia,54,5,0,8,0
2020-03-20,West Virginia,54,8,0,16,0
2020-03-21,West Virginia,54,12,0,28,0
2020-03-22,West Virginia,54,16,0,44,0
2020-03-23,West Virginia,54,16,0,60,0
2020-03-24,West Virginia,54,39,0,99,0
2020-03-25,West Virginia,54,51,0,150,0
2020-03-26,West Virginia,54,76,0,226,0
2020-03-27,West Virginia,54,96,0,322,0
2020-03-28,West Virginia,54,113,0,435,0
2020-03-29,West Virginia,54,124,1,559,1
2020-03-30,West Virginia,54,145,1,704,2
2020-03-31,West Virginia,54,162,1,866,3
2020-04-01,West Virginia,54,191,2,1057,5
2020-04-02,West Virginia,54,217,2,1274,7
2020-04-03,West Virginia,54,242,2,1516,9
2020-04-04,West Virginia,54,282,2,1798,11
2020-04-05,West Virginia,54,324,3,2122,14
2020-04-06,West Virginia,54,345,4,2467,18
2020-04-07,West Virginia,54,412,4,2879,22
2020-04-08,West Virginia,54,483,4,3362,26
2020-04-09,West Virginia,54,524,5,3886,31
2020-04-10,West Virginia,54,537,5,4423,36
2020-04-11,West Virginia,54,593,6,5016,42
2020-04-12,West Virginia,54,615,8,5631,50
2020-04-13,West Virginia,54,638,9,6269,59
2020-02-05,Wisconsin,55,1,0,1,0
2020-02-06,Wisconsin,55,1,0,2,0
2020-02-07,Wisconsin,55,1,0,3,0
2020-02-08,Wisconsin,55,1,0,4,0
2020-02-09,Wisconsin,55,1,0,5,0
2020-02-10,Wisconsin,55,1,0,6,0
2020-02-11,Wisconsin,55,1,0,7,0
2020-02-12,Wisconsin,55,1,0,8,0
2020-02-13,Wisconsin,55,1,0,9,0
2020-02-14,Wisconsin,55,1,0,10,0
2020-02-15,Wisconsin,55,1,0,11,0
2020-02-16,Wisconsin,55,1,0,12,0
2020-02-17,Wisconsin,55,1,0,13,0
2020-02-18,Wisconsin,55,1,0,14,0
2020-02-19,Wisconsin,55,1,0,15,0
2020-02-20,Wisconsin,55,1,0,16,0
2020-02-21,Wisconsin,55,1,0,17,0
2020-02-22,Wisconsin,55,1,0,18,0
2020-02-23,Wisconsin,55,1,0,19,0
2020-02-24,Wisconsin,55,1,0,20,0
2020-02-25,Wisconsin,55,1,0,21,0
2020-02-26,Wisconsin,55,1,0,22,0
2020-02-27,Wisconsin,55,1,0,23,0
2020-02-28,Wisconsin,55,1,0,24,0
2020-02-29,Wisconsin,55,1,0,25,0
2020-03-01,Wisconsin,55,1,0,26,0
2020-03-02,Wisconsin,55,1,0,27,0
2020-03-03,Wisconsin,55,1,0,28,0
2020-03-04,Wisconsin,55,1,0,29,0
2020-03-05,Wisconsin,55,1,0,30,0
2020-03-06,Wisconsin,55,1,0,31,0
2020-03-07,Wisconsin,55,1,0,32,0
2020-03-08,Wisconsin,55,1,0,33,0
2020-03-09,Wisconsin,55,2,0,35,0
2020-03-10,Wisconsin,55,3,0,38,0
2020-03-11,Wisconsin,55,6,0,44,0
2020-03-12,Wisconsin,55,8,0,52,0
2020-03-13,Wisconsin,55,19,0,71,0
2020-03-14,Wisconsin,55,27,0,98,0
2020-03-15,Wisconsin,55,33,0,131,0
2020-03-16,Wisconsin,55,47,0,178,0
2020-03-17,Wisconsin,55,72,0,250,0
2020-03-18,Wisconsin,55,106,0,356,0
2020-03-19,Wisconsin,55,155,2,511,2
2020-03-20,Wisconsin,55,216,3,727,5
2020-03-21,Wisconsin,55,281,4,1008,9
2020-03-22,Wisconsin,55,382,4,1390,13
2020-03-23,Wisconsin,55,418,5,1808,18
2020-03-24,Wisconsin,55,481,5,2289,23
2020-03-25,Wisconsin,55,623,7,2912,30
2020-03-26,Wisconsin,55,754,10,3666,40
2020-03-27,Wisconsin,55,930,16,4596,56
2020-03-28,Wisconsin,55,1042,17,5638,73
2020-03-29,Wisconsin,55,1120,17,6758,90
2020-03-30,Wisconsin,55,1267,20,8025,110
2020-03-31,Wisconsin,55,1351,25,9376,135
2020-04-01,Wisconsin,55,1550,33,10926,168
2020-04-02,Wisconsin,55,1730,37,12656,205
2020-04-03,Wisconsin,55,1916,49,14572,254
2020-04-04,Wisconsin,55,2112,60,16684,314
2020-04-05,Wisconsin,55,2267,73,18951,387
2020-04-06,Wisconsin,55,2440,83,21391,470
2020-04-07,Wisconsin,55,2578,94,23969,564
2020-04-08,Wisconsin,55,2756,107,26725,671
2020-04-09,Wisconsin,55,2885,116,29610,787
2020-04-10,Wisconsin,55,3068,131,32678,918
2020-04-11,Wisconsin,55,3213,141,35891,1059
2020-04-12,Wisconsin,55,3341,145,39232,1204
2020-04-13,Wisconsin,55,3428,155,42660,1359
2020-03-11,Wyoming,56,1,0,1,0
2020-03-12,Wyoming,56,1,0,2,0
2020-03-13,Wyoming,56,2,0,4,0
2020-03-14,Wyoming,56,3,0,7,0
2020-03-15,Wyoming,56,3,0,10,0
2020-03-16,Wyoming,56,10,0,20,0
2020-03-17,Wyoming,56,15,0,35,0
2020-03-18,Wyoming,56,17,0,52,0
2020-03-19,Wyoming,56,18,0,70,0
2020-03-20,Wyoming,56,22,0,92,0
2020-03-21,Wyoming,56,24,0,116,0
2020-03-22,Wyoming,56,26,0,142,0
2020-03-23,Wyoming,56,28,0,170,0
2020-03-24,Wyoming,56,37,0,207,0
2020-03-25,Wyoming,56,49,0,256,0
2020-03-26,Wyoming,56,56,0,312,0
2020-03-27,Wyoming,56,73,0,385,0
2020-03-28,Wyoming,56,84,0,469,0
2020-03-29,Wyoming,56,87,0,556,0
2020-03-30,Wyoming,56,95,0,651,0
2020-03-31,Wyoming,56,120,0,771,0
2020-04-01,Wyoming,56,137,0,908,0
2020-04-02,Wyoming,56,153,0,1061,0
2020-04-03,Wyoming,56,166,0,1227,0
2020-04-04,Wyoming,56,187,0,1414,0
2020-04-05,Wyoming,56,200,0,1614,0
2020-04-06,Wyoming,56,212,0,1826,0
2020-04-07,Wyoming,56,221,0,2047,0
2020-04-08,Wyoming,56,230,0,2277,0
2020-04-09,Wyoming,56,239,0,2516,0
2020-04-10,Wyoming,56,253,0,2769,0
2020-04-11,Wyoming,56,261,0,3030,0
2020-04-12,Wyoming,56,270,0,3300,0
2020-04-13,Wyoming,56,275,1,3575,1
